거래일시,적요,출금액,입금액,잔액,거래구분
2025.09.01 11:42:15,"월세 이체 J무어",2497500,,702500,입출금
2025.09.01 15:06:17,"푸른왜가리커피  1147",9640,,692860,입출금
2025.09.01 22:35:49,"누리카드 충전",4910,,687950,입출금
2025.09.02 07:12:48,"느티나무의원",69250,,618700,카드결제
2025.09.02 14:55:12,"은수저식당",58290,,560410,입출금
2025.09.02 15:11:19,"선류요가원",174150,,386260,입출금
2025.09.03 08:15:36,"누리카드 충전",19200,,367060,입출금
2025.09.03 09:20:34,"푸른왜가리커피  1147",6020,,361040,입출금
2025.09.03 12:16:59,"로스트웍스",12030,,349010,입출금
2025.09.03 15:20:10,"찬장특급",45010,,304000,입출금
2025.09.04 11:40:43,"도시실타래 온라인",79460,,224540,카드결제
2025.09.04 15:05:29,"푸른왜가리커피",7940,,216600,입출금
2025.09.04 16:21:09,"피자칸티나",27350,,189250,입출금
2025.09.04 16:50:22,"스트림리",21590,,167660,입출금
2025.09.04 17:05:31,"로스트웍스",10390,,157270,입출금
2025.09.04 20:29:19,"빠른택시 *운행",7760,,149510,입출금
2025.09.05 09:17:54,"레일링크 고속",12700,,136810,입출금
2025.09.05 09:23:39,"푸른왜가리커피  1147",7440,,129370,입출금
2025.09.05 12:17:02,"푸른왜가리커피  1147",11080,,118290,입출금
2025.09.05 12:29:39,"북문상회",73700,,44590,입출금
2025.09.05 17:02:29,"픽셀앤페이퍼",229770,,-185180,카드결제
2025.09.06 08:33:17,"타코거리",78890,,-264070,카드결제
2025.09.07 17:34:05,"빠른택시 *운행",17280,,-281350,입출금
2025.09.07 19:23:54,"푸른왜가리커피",6750,,-288100,입출금
2025.09.08 12:36:01,"찬장특급",116880,,-404980,입출금
2025.09.09 07:45:38,"초록들마트 214호점",123270,,-528250,입출금
2025.09.09 13:23:03,"빠른택시 *운행",17330,,-545580,입출금
2025.09.09 19:10:29,"볼트백 프로 연간",13490,,-559070,카드결제
2025.09.09 19:12:30,"푸른왜가리커피 1147",5750,,-564820,입출금
2025.09.10 08:47:43,"국수마당",63750,,-628570,입출금
2025.09.10 11:06:13,"푸른왜가리커피 1147",9110,,-637680,입출금
2025.09.10 12:25:55,"빠른택시 *운행",19910,,-657590,입출금
2025.09.11 21:04:49,"튠박스 프리미엄",14840,,-672430,입출금
2025.09.11 22:15:07,"누리카드 충전",7600,,-680030,입출금
2025.09.12 08:24:47,"아침숟가락",10420,,-690450,입출금
2025.09.12 10:01:49,"국수마당 온라인",20950,,-711400,입출금
2025.09.12 15:54:06,"초록들마트 214호점",88070,,-799470,입출금
2025.09.12 17:33:59,"픽셀앤페이퍼",256110,,-1055580,카드결제
2025.09.13 08:28:40,"푸른왜가리커피 1147",8900,,-1064480,입출금
2025.09.13 09:55:08,"누리교통카드",9420,,-1073900,입출금
2025.09.13 10:59:12,"느티나무의원",42110,,-1116010,카드결제
2025.09.13 16:35:29,"푸른왜가리커피",9220,,-1125230,입출금
2025.09.13 20:20:00,"피자칸티나",30460,,-1155690,입출금
2025.09.14 11:16:22,"누리교통카드",19010,,-1174700,입출금
2025.09.14 12:36:17,"푸른왜가리커피  1147",4810,,-1179510,입출금
2025.09.15 17:14:03,"레일링크 고속",14590,,-1194100,입출금
2025.09.15 19:14:30,"시립전력공사",101780,,-1295880,입출금
2025.09.16 10:22:26,"레일링크 고속",20430,,-1316310,입출금
2025.09.16 20:13:19,"텔커넥트 모바일",72900,,-1389210,입출금
2025.09.16 21:23:55,"로스트웍스",7670,,-1396880,입출금
2025.09.17 08:16:45,"푸른왜가리커피  1147",12080,,-1408960,입출금
2025.09.17 10:56:52,"빠른택시 *운행",10310,,-1419270,입출금
2025.09.17 15:51:26,"아침숟가락",9730,,-1429000,입출금
2025.09.17 17:13:36,"타코거리",15780,,-1444780,입출금
2025.09.17 18:43:35,"클라우드네스트 200GB",4040,,-1448820,입출금
2025.09.18 20:05:02,"빠른택시",12740,,-1461560,입출금
2025.09.18 22:12:32,"은수저식당",64020,,-1525580,입출금
2025.09.19 08:08:17,"국수마당",49440,,-1575020,입출금
2025.09.19 19:11:33,"누리교통카드",7830,,-1582850,입출금
2025.09.20 22:57:42,"빠른택시 *운행",11800,,-1594650,입출금
2025.09.21 07:00:13,"좋은건강약국",61030,,-1655680,카드결제
2025.09.21 14:54:50,"찬장특급",172030,,-1827710,입출금
2025.09.21 16:27:06,"국수마당 온라인",23990,,-1851700,입출금
2025.09.21 20:44:50,"푸른왜가리커피",7650,,-1859350,입출금
2025.09.21 21:47:17,"프라임박스 멤버십",12140,,-1871490,입출금
2025.09.22 08:21:59,"초록들마트 느티나무점",28240,,-1899730,입출금
2025.09.22 12:04:30,"빠른택시 *운행",4000,,-1903730,입출금
2025.09.22 22:24:10,"은수저식당",43290,,-1947020,입출금
2025.09.23 15:59:47,"푸른왜가리커피  1147",7870,,-1954890,입출금
2025.09.23 17:11:55,"초록들마트 214호점",117230,,-2072120,입출금
2025.09.23 18:13:37,"푸른왜가리커피  1147",12140,,-2084260,입출금
2025.09.24 08:00:17,"데브포지 코파일럿",13500,,-2097760,입출금
2025.09.24 12:34:03,"도시락특급",25990,,-2123750,입출금
2025.09.24 20:07:09,"푸른왜가리커피",5870,,-2129620,입출금
2025.09.25 14:54:56,"초록들마트 느티나무점",96090,,-2225710,입출금
2025.09.25 17:21:59,"누리교통카드",7860,,-2233570,입출금
2025.09.25 18:16:00,"(주)머리디언소프트 급여",,6547500,4313930,입출금
2025.09.26 15:29:05,"타코거리",43230,,4270700,입출금
2025.09.26 16:54:37,"북문상회",28810,,4241890,입출금
2025.09.27 17:07:43,"로스트웍스",6480,,4235410,입출금
2025.09.27 22:32:32,"빠른택시",11650,,4223760,입출금
2025.09.28 15:03:02,"국수마당 온라인",63400,,4160360,입출금
2025.09.28 16:01:23,"빠른택시 *운행",12610,,4147750,입출금
2025.09.29 15:33:56,"빠른택시",3420,,4144330,입출금
2025.09.29 21:06:41,"피자칸티나",23750,,4120580,입출금
2025.09.30 14:15:58,"누리카드 충전",13960,,4106620,입출금
2025.09.30 16:09:01,"도시실타래 온라인",266650,,3839970,카드결제
2025.10.01 11:29:14,"월세 이체 J무어",2497500,,1342470,입출금
2025.10.01 17:36:55,"푸른왜가리커피",10330,,1332140,입출금
2025.10.01 18:21:19,"찬장특급",26200,,1305940,입출금
2025.10.01 21:12:16,"빠른택시 *운행",5980,,1299960,입출금
2025.10.02 11:38:44,"푸른왜가리커피",12350,,1287610,입출금
2025.10.02 12:05:22,"선류요가원",174150,,1113460,입출금
2025.10.03 08:20:19,"초록들마트",63570,,1049890,입출금
2025.10.03 09:23:26,"빠른택시 *운행",5090,,1044800,입출금
2025.10.03 21:01:45,"피자칸티나",24300,,1020500,입출금
2025.10.04 18:42:50,"초록들마트 214호점",148720,,871780,입출금
2025.10.04 21:36:57,"스트림리",21590,,850190,입출금
2025.10.05 07:41:27,"초록들마트",70590,,779600,입출금
2025.10.05 20:50:38,"타코거리",16560,,763040,입출금
2025.10.06 07:29:52,"레일링크 고속",15590,,747450,입출금
2025.10.06 17:11:23,"푸른왜가리커피 1147",8210,,739240,입출금
2025.10.06 19:29:24,"푸른왜가리커피 1147",4860,,734380,입출금
2025.10.07 13:02:14,"북문상회",162220,,572160,입출금
2025.10.07 19:53:47,"은수저식당",58100,,514060,입출금
2025.10.07 21:05:07,"로스트웍스",8280,,505780,입출금
2025.10.08 15:34:56,"북문상회",79660,,426120,입출금
2025.10.08 17:04:20,"푸른왜가리커피",5290,,420830,입출금
2025.10.09 07:22:58,"누리교통카드",15210,,405620,입출금
2025.10.09 09:35:19,"볼트백 프로 연간",13490,,392130,카드결제
2025.10.09 12:01:32,"도시락특급",20670,,371460,입출금
2025.10.10 09:33:37,"로스트웍스",11810,,359650,입출금
2025.10.10 14:10:09,"매일생활잡화",147760,,211890,카드결제
2025.10.10 15:29:45,"아침숟가락",5930,,205960,입출금
2025.10.10 17:00:30,"국수마당",50910,,155050,입출금
2025.10.10 17:04:52,"빠른택시",4940,,150110,입출금
2025.10.11 16:03:55,"튠박스 프리미엄",14840,,135270,입출금
2025.10.11 16:06:00,"빠른택시",15120,,120150,입출금
2025.10.12 18:22:24,"도시락특급",23540,,96610,입출금
2025.10.12 18:27:40,"푸른왜가리커피  1147",6220,,90390,입출금
2025.10.13 08:27:41,"누리카드 충전",11330,,79060,입출금
2025.10.14 12:07:13,"찬장특급",81570,,-2510,입출금
2025.10.14 12:52:51,"타코거리",24490,,-27000,입출금
2025.10.14 14:06:29,"누리교통카드",14960,,-41960,입출금
2025.10.15 09:00:35,"빠른택시 *운행",9790,,-51750,입출금
2025.10.15 16:34:15,"북부도시가스",151420,,-203170,입출금
2025.10.15 18:12:07,"아침숟가락",8170,,-211340,입출금
2025.10.15 19:39:58,"푸른왜가리커피 1147",11700,,-223040,입출금
2025.10.16 14:36:32,"텔커넥트 모바일",72900,,-295940,입출금
2025.10.16 15:13:08,"빠른택시 *운행",14110,,-310050,입출금
2025.10.16 18:22:00,"매일생활잡화",149620,,-459670,카드결제
2025.10.16 18:39:03,"국수마당 온라인",62650,,-522320,입출금
2025.10.17 09:43:09,"클라우드네스트 200GB",4040,,-526360,입출금
2025.10.17 11:54:28,"초록들마트 214호점",94690,,-621050,입출금
2025.10.17 13:58:29,"누리카드 충전",7380,,-628430,입출금
2025.10.17 15:36:22,"푸른왜가리커피",12060,,-640490,입출금
2025.10.17 22:44:51,"로스트웍스",8680,,-649170,입출금
2025.10.18 19:19:41,"도시락특급",53040,,-702210,입출금
2025.10.18 21:20:00,"레일링크 고속",5240,,-707450,입출금
2025.10.19 12:07:44,"푸른왜가리커피 1147",6300,,-713750,입출금
2025.10.19 13:41:27,"누리교통카드",16230,,-729980,입출금
2025.10.20 11:12:44,"빠른택시",12470,,-742450,입출금
2025.10.20 19:57:15,"로스트웍스",4700,,-747150,입출금
2025.10.21 15:10:56,"로스트웍스",4790,,-751940,입출금
2025.10.21 17:33:42,"국수마당 온라인",63810,,-815750,입출금
2025.10.21 21:39:01,"프라임박스 멤버십",12140,,-827890,입출금
2025.10.21 21:43:06,"누리카드 충전",17910,,-845800,입출금
2025.10.22 11:55:10,"도시락특급",29090,,-874890,입출금
2025.10.22 20:35:25,"누리카드 충전",11300,,-886190,입출금
2025.10.23 09:10:20,"누리교통카드",7600,,-893790,입출금
2025.10.23 16:42:21,"은수저식당",19660,,-913450,입출금
2025.10.23 19:48:04,"초록들마트 느티나무점",136660,,-1050110,입출금
2025.10.24 08:10:37,"로스트웍스",7200,,-1057310,입출금
2025.10.24 14:28:12,"누리교통카드",11880,,-1069190,입출금
2025.10.24 16:36:30,"데브포지 코파일럿",13500,,-1082690,입출금
2025.10.24 22:39:58,"도시락특급",31940,,-1114630,입출금
2025.10.25 09:15:21,"푸른왜가리커피  1147",10980,,-1125610,입출금
2025.10.25 09:47:13,"피자칸티나",56550,,-1182160,입출금
2025.10.25 10:06:39,"은수저식당",53850,,-1236010,카드결제
2025.10.25 13:31:10,"레일링크 고속",21020,,-1257030,입출금
2025.10.25 21:39:31,"(주)머리디언소프트 급여",,6547500,5290470,입출금
2025.10.26 08:21:13,"빠른택시",17730,,5272740,입출금
2025.10.26 14:58:03,"초록들마트 214호점",148260,,5124480,입출금
2025.10.27 21:32:57,"타코거리",50610,,5073870,입출금
2025.10.27 21:43:30,"빠른택시",15890,,5057980,입출금
2025.10.28 16:51:38,"푸른왜가리커피  1147",10580,,5047400,입출금
2025.10.28 19:50:05,"누리카드 충전",6680,,5040720,입출금
2025.10.29 08:30:56,"찬장특급",104180,,4936540,입출금
2025.10.29 13:33:52,"누리카드 충전",9440,,4927100,입출금
2025.10.29 21:56:33,"국수마당 온라인",55850,,4871250,입출금
2025.10.30 16:07:48,"누리카드 충전",11300,,4859950,입출금
2025.10.30 20:21:07,"푸른왜가리커피",7910,,4852040,입출금
2025.10.31 18:00:47,"픽셀앤페이퍼",46300,,4805740,카드결제
2025.11.01 07:45:05,"월세 이체 J무어",2497500,,2308240,입출금
2025.11.01 16:37:20,"은수저식당",22070,,2286170,입출금
2025.11.02 17:56:22,"선류요가원",174150,,2112020,입출금
2025.11.02 18:51:28,"누리교통카드",4360,,2107660,입출금
2025.11.02 20:58:53,"푸른왜가리커피 1147",8640,,2099020,입출금
2025.11.03 08:12:46,"빠른택시 *운행",15670,,2083350,입출금
2025.11.03 11:09:58,"초록들마트 214호점",47570,,2035780,입출금
2025.11.04 07:58:23,"타코거리",56380,,1979400,입출금
2025.11.04 09:38:46,"스트림리",21590,,1957810,입출금
2025.11.04 21:27:34,"푸른왜가리커피  1147",6160,,1951650,입출금
2025.11.05 14:34:09,"은수저식당",44290,,1907360,입출금
2025.11.05 20:31:06,"푸른왜가리커피  1147",9220,,1898140,입출금
2025.11.06 11:14:31,"도시락특급",42300,,1855840,입출금
2025.11.06 15:29:03,"빠른택시",8680,,1847160,입출금
2025.11.07 15:16:26,"타코거리",21210,,1825950,입출금
2025.11.07 17:16:19,"도시실타래",176200,,1649750,카드결제
2025.11.07 17:23:51,"누리카드 충전",12300,,1637450,입출금
2025.11.08 08:06:52,"좋은건강약국",96040,,1541410,카드결제
2025.11.08 08:24:43,"아침숟가락",10460,,1530950,입출금
2025.11.08 13:02:56,"푸른왜가리커피 1147",6880,,1524070,입출금
2025.11.08 18:32:02,"빠른택시",14270,,1509800,입출금
2025.11.09 07:10:41,"빠른택시",20320,,1489480,입출금
2025.11.09 08:47:01,"도시락특급",24390,,1465090,입출금
2025.11.09 08:48:55,"푸른왜가리커피  1147",5940,,1459150,입출금
2025.11.09 16:58:48,"볼트백 프로 연간",13490,,1445660,카드결제
2025.11.09 17:04:59,"푸른왜가리커피",11040,,1434620,입출금
2025.11.10 10:17:41,"아침숟가락",7940,,1426680,입출금
2025.11.11 07:27:24,"푸른왜가리커피  1147",8460,,1418220,입출금
2025.11.11 17:03:38,"튠박스 프리미엄",14840,,1403380,입출금
2025.11.11 17:11:32,"국수마당 온라인",59830,,1343550,입출금
2025.11.11 17:18:42,"누리카드 충전",19080,,1324470,입출금
2025.11.11 19:09:41,"푸른왜가리커피  1147",11030,,1313440,입출금
2025.11.12 17:39:12,"레일링크 고속",18330,,1295110,입출금
2025.11.12 19:16:53,"푸른왜가리커피  1147",7560,,1287550,입출금
2025.11.13 10:00:08,"빠른택시 *운행",5280,,1282270,입출금
2025.11.13 11:26:33,"푸른왜가리커피",6630,,1275640,입출금
2025.11.13 12:50:32,"북문상회",75960,,1199680,입출금
2025.11.14 11:20:36,"타코거리",51460,,1148220,입출금
2025.11.14 15:49:51,"아침숟가락",6670,,1141550,입출금
2025.11.14 17:48:46,"빠른택시",17350,,1124200,입출금
2025.11.15 09:07:35,"북문상회",166660,,957540,입출금
2025.11.15 09:07:49,"로스트웍스",8450,,949090,입출금
2025.11.15 12:03:31,"시립전력공사",137750,,811340,입출금
2025.11.15 18:39:19,"빠른택시",15110,,796230,입출금
2025.11.15 21:18:06,"로스트웍스",10650,,785580,입출금
2025.11.16 21:47:13,"텔커넥트 모바일",72900,,712680,입출금
2025.11.16 21:57:21,"빠른택시",6820,,705860,입출금
2025.11.17 09:07:54,"푸른왜가리커피",8600,,697260,입출금
2025.11.17 15:05:14,"푸른왜가리커피 1147",11720,,685540,입출금
2025.11.17 22:10:39,"누리카드 충전",17470,,668070,입출금
2025.11.17 22:29:44,"클라우드네스트 200GB",4040,,664030,입출금
2025.11.18 13:05:51,"국수마당",38230,,625800,입출금
2025.11.19 11:09:53,"아침숟가락",6330,,619470,입출금
2025.11.19 18:10:23,"빠른택시 *운행",4540,,614930,입출금
2025.11.19 20:01:31,"초록들마트",166020,,448910,입출금
2025.11.20 13:41:08,"빠른택시",19890,,429020,입출금
2025.11.20 15:59:41,"은수저식당",28320,,400700,입출금
2025.11.20 18:46:52,"초록들마트 214호점",135360,,265340,입출금
2025.11.21 15:26:42,"프라임박스 멤버십",12140,,253200,입출금
2025.11.21 17:52:43,"빠른택시",11450,,241750,입출금
2025.11.21 20:37:53,"도시락특급",36840,,204910,입출금
2025.11.21 20:54:05,"아침숟가락",8790,,196120,입출금
2025.11.22 13:56:38,"아침숟가락",5720,,190400,입출금
2025.11.22 14:34:55,"빠른택시",16770,,173630,입출금
2025.11.23 13:08:09,"누리교통카드",19100,,154530,입출금
2025.11.24 08:17:58,"도시락특급",53760,,100770,입출금
2025.11.24 08:41:13,"데브포지 코파일럿",13500,,87270,입출금
2025.11.24 09:56:48,"푸른왜가리커피 1147",9020,,78250,입출금
2025.11.24 18:23:12,"푸른왜가리커피",6620,,71630,입출금
2025.11.24 18:54:11,"누리교통카드",17090,,54540,입출금
2025.11.25 07:23:00,"(주)머리디언소프트 급여",,6547500,6602040,입출금
2025.11.25 08:18:42,"누리교통카드",16270,,6585770,입출금
2025.11.26 08:01:40,"빠른택시 *운행",13960,,6571810,입출금
2025.11.26 18:55:49,"아침숟가락",8590,,6563220,입출금
2025.11.27 13:09:56,"도시락특급",54240,,6508980,입출금
2025.11.27 14:02:37,"누리교통카드",11220,,6497760,입출금
2025.11.27 18:22:19,"초록들마트",85280,,6412480,입출금
2025.11.28 12:28:33,"푸른왜가리커피",11970,,6400510,입출금
2025.11.28 19:05:25,"빠른택시 *운행",11810,,6388700,입출금
2025.11.29 11:08:49,"레일링크 고속",6090,,6382610,입출금
2025.11.30 08:25:22,"누리카드 충전",21300,,6361310,입출금
2025.12.01 13:16:10,"빠른택시 *운행",8100,,6353210,입출금
2025.12.01 16:57:28,"월세 이체 J무어",2497500,,3855710,입출금
2025.12.01 18:55:19,"로스트웍스",8570,,3847140,입출금
2025.12.01 19:34:35,"푸른왜가리커피  1147",8750,,3838390,입출금
2025.12.02 07:45:55,"푸른왜가리커피  1147",9410,,3828980,입출금
2025.12.02 12:15:56,"선류요가원",174150,,3654830,입출금
2025.12.02 12:28:49,"누리카드 충전",5260,,3649570,입출금
2025.12.02 13:26:17,"국수마당",51680,,3597890,입출금
2025.12.03 07:26:08,"빠른택시 *운행",12380,,3585510,입출금
2025.12.03 17:32:38,"국수마당 온라인",28340,,3557170,입출금
2025.12.03 20:33:10,"푸른왜가리커피",11030,,3546140,입출금
2025.12.03 22:45:18,"초록들마트",120240,,3425900,입출금
2025.12.03 22:49:19,"노르드벨 홈",75780,,3350120,카드결제
2025.12.04 08:01:42,"누리카드 충전",9940,,3340180,입출금
2025.12.04 18:32:45,"스트림리",21590,,3318590,입출금
2025.12.05 18:34:17,"빠른택시",17810,,3300780,입출금
2025.12.05 20:12:54,"찬장특급",50530,,3250250,입출금
2025.12.06 07:52:59,"찬장특급",138860,,3111390,입출금
2025.12.06 08:41:28,"푸른왜가리커피 1147",10270,,3101120,입출금
2025.12.06 09:43:29,"타코거리",99450,,3001670,카드결제
2025.12.06 13:32:07,"국수마당",55580,,2946090,입출금
2025.12.06 19:09:15,"레일링크 고속",6800,,2939290,입출금
2025.12.07 08:26:48,"푸른왜가리커피 1147",9020,,2930270,입출금
2025.12.07 15:51:58,"빠른택시",10060,,2920210,입출금
2025.12.08 11:07:49,"누리카드 충전",12720,,2907490,입출금
2025.12.08 12:07:06,"아침숟가락",10170,,2897320,입출금
2025.12.08 19:54:42,"은수저식당",62220,,2835100,입출금
2025.12.09 09:10:13,"레일링크 고속",11960,,2823140,입출금
2025.12.09 11:33:20,"볼트백 프로 연간",13490,,2809650,카드결제
2025.12.09 16:58:08,"푸른왜가리커피  1147",7090,,2802560,입출금
2025.12.10 09:02:22,"은수저식당",51760,,2750800,입출금
2025.12.11 08:21:35,"도시락특급",32120,,2718680,입출금
2025.12.11 08:36:54,"튠박스 프리미엄",14840,,2703840,입출금
2025.12.11 12:18:28,"빠른택시 *운행",3790,,2700050,입출금
2025.12.12 17:08:10,"빠른택시",13040,,2687010,입출금
2025.12.12 21:20:31,"푸른왜가리커피 1147",5580,,2681430,입출금
2025.12.13 17:56:49,"피자칸티나",52960,,2628470,입출금
2025.12.13 18:53:54,"푸른왜가리커피",6170,,2622300,입출금
2025.12.14 08:28:36,"누리카드 충전",11490,,2610810,입출금
2025.12.14 10:54:57,"북문상회",174230,,2436580,입출금
2025.12.15 07:05:50,"시립전력공사",132890,,2303690,입출금
2025.12.16 08:30:35,"찬장특급",46470,,2257220,입출금
2025.12.16 08:31:55,"로스트웍스",6440,,2250780,입출금
2025.12.16 16:28:28,"빠른택시",17590,,2233190,입출금
2025.12.16 19:53:02,"텔커넥트 모바일",72900,,2160290,입출금
2025.12.16 20:49:33,"타코거리",57860,,2102430,입출금
2025.12.17 07:48:19,"누리교통카드",18180,,2084250,입출금
2025.12.17 07:52:16,"국수마당 온라인",26140,,2058110,입출금
2025.12.17 08:43:58,"클라우드네스트 200GB",4040,,2054070,입출금
2025.12.17 13:56:16,"로스트웍스",10260,,2043810,입출금
2025.12.18 13:36:14,"푸른왜가리커피 1147",7370,,2036440,입출금
2025.12.18 14:27:02,"레일링크 고속",17900,,2018540,입출금
2025.12.18 20:10:24,"도시락특급",63180,,1955360,입출금
2025.12.19 13:37:39,"레일링크 고속",8600,,1946760,입출금
2025.12.19 15:32:54,"푸른왜가리커피",4630,,1942130,입출금
2025.12.19 20:45:05,"북문상회",59320,,1882810,입출금
2025.12.20 09:38:56,"푸른왜가리커피",9670,,1873140,입출금
2025.12.20 19:16:25,"국수마당 온라인",32160,,1840980,입출금
2025.12.21 08:00:00,"프라임박스 멤버십",12140,,1828840,입출금
2025.12.21 15:08:47,"누리카드 충전",6950,,1821890,입출금
2025.12.22 14:20:57,"빠른택시 *운행",10500,,1811390,입출금
2025.12.22 21:52:54,"로스트웍스",7630,,1803760,입출금
2025.12.23 12:46:43,"푸른왜가리커피",6870,,1796890,입출금
2025.12.23 14:55:30,"북문상회",93410,,1703480,입출금
2025.12.23 17:24:35,"로스트웍스",5250,,1698230,입출금
2025.12.23 19:43:30,"은수저식당",62360,,1635870,입출금
2025.12.23 19:47:06,"누리교통카드",10560,,1625310,입출금
2025.12.24 10:54:28,"데브포지 코파일럿",13500,,1611810,입출금
2025.12.24 17:12:41,"초록들마트",556200,,1055610,입출금
2025.12.24 22:06:40,"누리교통카드",19360,,1036250,입출금
2025.12.24 22:22:54,"찬장특급",105870,,930380,입출금
2025.12.25 15:19:23,"은수저식당",30730,,899650,입출금
2025.12.25 20:08:03,"로스트웍스",11300,,888350,입출금
2025.12.25 20:45:29,"누리교통카드",17040,,871310,입출금
2025.12.25 22:27:10,"(주)머리디언소프트 급여",,6547500,7418810,입출금
2025.12.26 08:43:01,"푸른왜가리커피  1147",5680,,7413130,입출금
2025.12.26 20:05:02,"푸른왜가리커피  1147",7630,,7405500,입출금
2025.12.26 22:29:33,"레일링크 고속",17630,,7387870,입출금
2025.12.28 15:06:12,"도시락특급",50600,,7337270,입출금
2025.12.28 21:30:01,"초록들마트 214호점",65890,,7271380,입출금
2025.12.28 22:39:01,"로스트웍스",5430,,7265950,입출금
2025.12.29 11:30:25,"빠른택시",18090,,7247860,입출금
2025.12.29 15:35:38,"국수마당 온라인",16860,,7231000,입출금
2025.12.30 09:04:42,"빠른택시",15230,,7215770,입출금
2025.12.30 19:07:58,"노르드벨 홈",105960,,7109810,카드결제
2025.12.31 07:06:04,"푸른왜가리커피  1147",10480,,7099330,입출금
2025.12.31 10:34:08,"빠른택시",6910,,7092420,입출금
2026.01.01 10:54:25,"빠른택시 *운행",11330,,7081090,입출금
2026.01.01 16:24:39,"월세 이체 J무어",2497500,,4583590,입출금
2026.01.02 08:09:54,"초록들마트 느티나무점",121230,,4462360,입출금
2026.01.02 08:55:47,"누리교통카드",17010,,4445350,입출금
2026.01.02 13:16:51,"선류요가원",174150,,4271200,입출금
2026.01.02 19:26:22,"아침숟가락",5800,,4265400,입출금
2026.01.03 08:00:19,"아침숟가락",9100,,4256300,입출금
2026.01.03 08:26:45,"빠른택시 *운행",5170,,4251130,입출금
2026.01.03 17:49:27,"국수마당 온라인",16240,,4234890,입출금
2026.01.04 09:28:41,"아침숟가락",5350,,4229540,입출금
2026.01.04 13:30:15,"도시락특급",22500,,4207040,입출금
2026.01.04 17:03:01,"스트림리",21590,,4185450,입출금
2026.01.04 18:09:17,"초록들마트",118710,,4066740,입출금
2026.01.04 19:23:50,"푸른왜가리커피  1147",10080,,4056660,입출금
2026.01.04 20:26:45,"레일링크 고속",12030,,4044630,입출금
2026.01.05 16:03:40,"빠른택시 *운행",7680,,4036950,입출금
2026.01.05 16:43:12,"로스트웍스",10440,,4026510,입출금
2026.01.06 07:28:01,"푸른왜가리커피 1147",7070,,4019440,입출금
2026.01.06 11:03:05,"픽셀앤페이퍼",239450,,3779990,카드결제
2026.01.06 11:26:37,"도시락특급",17120,,3762870,입출금
2026.01.06 13:41:19,"푸른왜가리커피 1147",11470,,3751400,입출금
2026.01.06 21:38:27,"누리카드 충전",6130,,3745270,입출금
2026.01.07 20:31:30,"초록들마트 느티나무점",68000,,3677270,입출금
2026.01.08 14:30:11,"푸른왜가리커피  1147",9060,,3668210,입출금
2026.01.09 08:30:14,"도시락특급",30960,,3637250,입출금
2026.01.09 22:06:01,"볼트백 프로 연간",13490,,3623760,카드결제
2026.01.10 07:59:17,"좋은건강약국",26390,,3597370,카드결제
2026.01.10 10:35:18,"푸른왜가리커피  1147",9210,,3588160,입출금
2026.01.10 12:51:58,"도시실타래 온라인",280350,,3307810,카드결제
2026.01.10 13:56:08,"누리카드 충전",21550,,3286260,입출금
2026.01.11 08:14:22,"아침숟가락",11570,,3274690,입출금
2026.01.11 19:01:07,"초록들마트",74170,,3200520,입출금
2026.01.11 20:55:15,"튠박스 프리미엄",14840,,3185680,입출금
2026.01.12 11:03:40,"북문상회",53810,,3131870,입출금
2026.01.12 20:29:30,"누리교통카드",7480,,3124390,입출금
2026.01.14 13:31:11,"누리카드 충전",19560,,3104830,입출금
2026.01.15 07:43:04,"아쿠아웍스 수도",98580,,3006250,입출금
2026.01.15 14:34:46,"도시락특급",64580,,2941670,입출금
2026.01.15 15:08:37,"초록들마트 느티나무점",128990,,2812680,입출금
2026.01.15 20:08:58,"누리카드 충전",3740,,2808940,입출금
2026.01.15 22:23:50,"도시실타래",272070,,2536870,카드결제
2026.01.16 08:49:03,"아침숟가락",6030,,2530840,입출금
2026.01.16 14:34:52,"텔커넥트 모바일",72900,,2457940,입출금
2026.01.16 17:32:31,"누리카드 충전",21600,,2436340,입출금
2026.01.16 20:50:36,"초록들마트 느티나무점",33970,,2402370,입출금
2026.01.17 12:12:09,"누리교통카드",12070,,2390300,입출금
2026.01.17 20:44:51,"클라우드네스트 200GB",4040,,2386260,입출금
2026.01.18 12:18:22,"푸른왜가리커피  1147",8600,,2377660,입출금
2026.01.18 16:27:10,"빠른택시 *운행",21410,,2356250,입출금
2026.01.18 17:26:28,"푸른왜가리커피  1147",11910,,2344340,입출금
2026.01.19 20:05:20,"찬장특급",124970,,2219370,입출금
2026.01.20 16:00:59,"타코거리",57740,,2161630,입출금
2026.01.21 16:59:21,"프라임박스 멤버십",12140,,2149490,입출금
2026.01.21 17:47:49,"국수마당 온라인",24110,,2125380,입출금
2026.01.22 14:32:56,"푸른왜가리커피  1147",6630,,2118750,입출금
2026.01.22 19:16:02,"누리교통카드",5450,,2113300,입출금
2026.01.23 12:04:43,"빠른택시",16280,,2097020,입출금
2026.01.24 07:17:03,"도시락특급",63330,,2033690,카드결제
2026.01.24 15:59:53,"로스트웍스",5130,,2028560,입출금
2026.01.24 16:22:36,"아침숟가락",6180,,2022380,입출금
2026.01.24 20:33:57,"데브포지 코파일럿",13500,,2008880,입출금
2026.01.25 07:08:55,"푸른왜가리커피 1147",10110,,1998770,입출금
2026.01.25 09:35:46,"(주)머리디언소프트 급여",,6547500,8546270,입출금
2026.01.25 14:55:19,"레일링크 고속",9100,,8537170,입출금
2026.01.26 10:04:04,"푸른왜가리커피  1147",6700,,8530470,입출금
2026.01.26 11:01:57,"누리카드 충전",21520,,8508950,입출금
2026.01.26 22:44:02,"타코거리",61610,,8447340,입출금
2026.01.27 21:36:37,"누리교통카드",7550,,8439790,입출금
2026.01.28 07:23:02,"느티나무의원",81350,,8358440,카드결제
2026.01.28 08:13:46,"국수마당",23400,,8335040,입출금
2026.01.28 21:23:24,"푸른왜가리커피",8710,,8326330,입출금
2026.01.29 17:44:39,"레일링크 고속",16550,,8309780,입출금
2026.01.30 08:33:55,"레일링크 고속",18760,,8291020,입출금
2026.01.30 08:34:40,"초록들마트",32970,,8258050,입출금
2026.01.31 07:34:25,"로스트웍스",9030,,8249020,입출금
2026.01.31 09:06:48,"타코거리",114870,,8134150,카드결제
2026.01.31 12:41:03,"레일링크 고속",20360,,8113790,입출금
2026.01.31 15:05:12,"푸른왜가리커피  1147",5780,,8108010,입출금
2026.01.31 22:05:18,"국수마당 온라인",29380,,8078630,입출금
2026.02.01 08:42:28,"월세 이체 J무어",2497500,,5581130,입출금
2026.02.01 16:27:19,"초록들마트 느티나무점",176070,,5405060,입출금
2026.02.01 16:46:42,"빠른택시",13000,,5392060,입출금
2026.02.02 13:51:58,"선류요가원",174150,,5217910,입출금
2026.02.02 15:52:24,"아침숟가락",7340,,5210570,입출금
2026.02.02 17:13:31,"북문상회",93030,,5117540,입출금
2026.02.02 17:33:18,"푸른왜가리커피",5930,,5111610,입출금
2026.02.03 17:57:28,"누리카드 충전",8910,,5102700,입출금
2026.02.03 19:59:05,"피자칸티나",48050,,5054650,입출금
2026.02.04 10:35:25,"스트림리",21590,,5033060,입출금
2026.02.04 16:07:56,"푸른왜가리커피",7820,,5025240,입출금
2026.02.04 20:29:09,"빠른택시",19860,,5005380,입출금
2026.02.04 20:36:30,"찬장특급",146840,,4858540,입출금
2026.02.05 08:17:51,"레일링크 고속",8920,,4849620,입출금
2026.02.05 11:45:42,"아침숟가락",6130,,4843490,입출금
2026.02.05 17:40:41,"은수저식당",35610,,4807880,입출금
2026.02.06 07:52:16,"누리교통카드",15300,,4792580,입출금
2026.02.06 09:31:15,"아침숟가락",11730,,4780850,입출금
2026.02.07 09:35:00,"푸른왜가리커피 1147",10290,,4770560,입출금
2026.02.07 16:36:04,"찬장특급",79350,,4691210,입출금
2026.02.07 18:47:52,"도시락특급",126750,,4564460,카드결제
2026.02.07 19:59:38,"타코거리",55200,,4509260,입출금
2026.02.07 22:13:54,"빠른택시",7640,,4501620,입출금
2026.02.08 10:37:08,"피자칸티나",55110,,4446510,입출금
2026.02.08 16:37:19,"빠른택시 *운행",6510,,4440000,입출금
2026.02.08 19:48:37,"아침숟가락",11660,,4428340,입출금
2026.02.08 21:28:41,"푸른왜가리커피 1147",7200,,4421140,입출금
2026.02.09 07:55:10,"레일링크 고속",10530,,4410610,입출금
2026.02.09 09:03:49,"북문상회",91930,,4318680,입출금
2026.02.09 11:58:01,"푸른왜가리커피  1147",7170,,4311510,입출금
2026.02.09 16:32:02,"볼트백 프로 연간",13490,,4298020,카드결제
2026.02.09 22:59:03,"푸른왜가리커피  1147",8410,,4289610,입출금
2026.02.10 07:18:29,"초록들마트 느티나무점",131650,,4157960,입출금
2026.02.10 17:09:49,"타코거리",19830,,4138130,입출금
2026.02.11 09:20:33,"매일생활잡화",95880,,4042250,카드결제
2026.02.11 10:04:57,"푸른왜가리커피",6570,,4035680,입출금
2026.02.11 10:59:05,"튠박스 프리미엄",14840,,4020840,입출금
2026.02.11 16:08:21,"피자칸티나",38150,,3982690,입출금
2026.02.12 09:24:01,"타코거리",39260,,3943430,입출금
2026.02.12 18:00:33,"초록들마트 느티나무점",31740,,3911690,입출금
2026.02.12 21:24:53,"누리카드 충전",15360,,3896330,입출금
2026.02.13 14:16:55,"푸른왜가리커피 1147",7290,,3889040,입출금
2026.02.13 16:00:37,"은수저식당",44520,,3844520,입출금
2026.02.13 22:27:34,"초록들마트",86400,,3758120,입출금
2026.02.14 07:45:31,"푸른왜가리커피  1147",5400,,3752720,입출금
2026.02.14 15:03:17,"피자칸티나",62330,,3690390,입출금
2026.02.14 16:25:47,"로스트웍스",11490,,3678900,입출금
2026.02.15 08:27:02,"북문상회",138080,,3540820,입출금
2026.02.15 12:29:05,"빠른택시 *운행",15850,,3524970,입출금
2026.02.15 18:06:34,"푸른왜가리커피",5410,,3519560,입출금
2026.02.15 20:17:04,"푸른왜가리커피  1147",8010,,3511550,입출금
2026.02.15 22:31:42,"시립전력공사",84370,,3427180,입출금
2026.02.16 13:37:51,"푸른왜가리커피 1147",6930,,3420250,입출금
2026.02.16 15:15:19,"텔커넥트 모바일",72900,,3347350,입출금
2026.02.16 17:23:08,"도시락특급",48320,,3299030,입출금
2026.02.16 20:48:55,"빠른택시",7940,,3291090,입출금
2026.02.17 11:02:16,"아침숟가락",7220,,3283870,입출금
2026.02.17 12:19:47,"푸른왜가리커피",12330,,3271540,입출금
2026.02.17 19:49:38,"빠른택시 *운행",17850,,3253690,입출금
2026.02.17 20:15:01,"클라우드네스트 200GB",4040,,3249650,입출금
2026.02.18 16:48:06,"누리교통카드",18760,,3230890,입출금
2026.02.18 17:15:39,"도시락특급",31980,,3198910,입출금
2026.02.18 19:38:06,"초록들마트 느티나무점",147780,,3051130,입출금
2026.02.20 10:11:50,"빠른택시 *운행",5290,,3045840,입출금
2026.02.20 10:14:52,"푸른왜가리커피",10380,,3035460,입출금
2026.02.20 15:26:15,"아침숟가락",9570,,3025890,입출금
2026.02.20 20:45:17,"매일생활잡화",25970,,2999920,카드결제
2026.02.21 13:15:02,"아침숟가락",5530,,2994390,입출금
2026.02.21 14:40:53,"초록들마트",121500,,2872890,입출금
2026.02.21 15:25:35,"프라임박스 멤버십",12140,,2860750,입출금
2026.02.21 15:56:12,"푸른왜가리커피  1147",11920,,2848830,입출금
2026.02.21 19:20:47,"도시락특급",45060,,2803770,입출금
2026.02.22 07:16:46,"도시실타래 온라인",259440,,2544330,카드결제
2026.02.22 17:00:45,"초록들마트",166440,,2377890,입출금
2026.02.23 07:37:20,"아침숟가락",7020,,2370870,입출금
2026.02.23 20:52:57,"누리교통카드",13810,,2357060,입출금
2026.02.24 07:39:15,"푸른왜가리커피  1147",6530,,2350530,입출금
2026.02.24 07:48:19,"타코거리",37340,,2313190,입출금
2026.02.24 19:45:38,"데브포지 코파일럿",13500,,2299690,입출금
2026.02.25 07:26:10,"푸른왜가리커피  1147",5100,,2294590,입출금
2026.02.25 16:20:53,"(주)머리디언소프트 급여",,6547500,8842090,입출금
2026.02.25 19:30:37,"로스트웍스",5390,,8836700,입출금
2026.02.25 21:20:30,"국수마당",37040,,8799660,입출금
2026.02.26 07:42:32,"빠른택시 *운행",20430,,8779230,입출금
2026.02.26 17:18:12,"도시실타래 온라인",232620,,8546610,카드결제
2026.02.26 21:02:14,"로스트웍스",4750,,8541860,입출금
2026.02.27 09:09:51,"누리교통카드",17700,,8524160,입출금
2026.02.27 14:17:33,"초록들마트 214호점",177890,,8346270,입출금
2026.02.28 15:06:08,"로스트웍스",6670,,8339600,입출금
2026.02.28 18:19:13,"초록들마트",28350,,8311250,입출금
2026.02.28 22:38:56,"도시실타래",187420,,8123830,카드결제
2026.03.01 07:24:56,"월세 이체 J무어",2497500,,5626330,입출금
2026.03.01 08:49:08,"로스트웍스",8500,,5617830,입출금
2026.03.01 12:53:01,"은수저식당",33090,,5584740,입출금
2026.03.01 14:15:28,"로스트웍스",11300,,5573440,입출금
2026.03.02 10:38:39,"선류요가원",174150,,5399290,입출금
2026.03.03 12:26:31,"은수저식당",64080,,5335210,입출금
2026.03.03 15:17:27,"북문상회",148310,,5186900,입출금
2026.03.03 22:40:29,"푸른왜가리커피",11920,,5174980,입출금
2026.03.04 13:42:13,"누리카드 충전",12690,,5162290,입출금
2026.03.04 20:08:24,"로스트웍스",6020,,5156270,입출금
2026.03.04 20:10:21,"스트림리",25640,,5130630,입출금
2026.03.04 21:37:46,"찬장특급",77310,,5053320,입출금
2026.03.05 14:29:19,"도시실타래 온라인",227650,,4825670,카드결제
2026.03.05 19:10:27,"피자칸티나",18750,,4806920,입출금
2026.03.05 22:23:40,"누리교통카드",15710,,4791210,입출금
2026.03.06 15:29:43,"초록들마트",168340,,4622870,입출금
2026.03.06 16:09:06,"푸른왜가리커피",8830,,4614040,입출금
2026.03.06 18:27:20,"누리교통카드",11690,,4602350,입출금
2026.03.07 14:11:46,"누리카드 충전",10270,,4592080,입출금
2026.03.07 15:00:34,"국수마당 온라인",47700,,4544380,카드결제
2026.03.08 13:12:53,"찬장특급",165430,,4378950,입출금
2026.03.08 18:48:11,"누리카드 충전",3790,,4375160,입출금
2026.03.09 12:56:43,"아침숟가락",4930,,4370230,입출금
2026.03.09 14:35:36,"빠른택시 *운행",22000,,4348230,입출금
2026.03.09 17:53:02,"푸른왜가리커피",9630,,4338600,입출금
2026.03.09 18:39:58,"볼트백 프로 연간",13490,,4325110,카드결제
2026.03.09 22:24:32,"찬장특급",107930,,4217180,입출금
2026.03.10 13:49:43,"국수마당",34950,,4182230,입출금
2026.03.10 18:58:43,"초록들마트 214호점",152850,,4029380,입출금
2026.03.11 11:53:49,"튠박스 프리미엄",14840,,4014540,입출금
2026.03.11 16:37:09,"누리카드 충전",17390,,3997150,입출금
2026.03.12 12:10:43,"은수저식당",56960,,3940190,입출금
2026.03.12 20:27:16,"아침숟가락",11830,,3928360,입출금
2026.03.13 21:11:57,"푸른왜가리커피 1147",7340,,3921020,입출금
2026.03.13 22:48:56,"피자칸티나",17190,,3903830,입출금
2026.03.14 10:56:53,"레일링크 고속",20520,,3883310,입출금
2026.03.14 20:48:06,"도시실타래",172800,,3710510,카드결제
2026.03.14 22:51:40,"도시실타래",172800,,3537710,카드결제
2026.03.15 10:59:47,"아침숟가락",10640,,3527070,입출금
2026.03.15 13:38:52,"북부도시가스",170190,,3356880,입출금
2026.03.15 14:38:23,"초록들마트 214호점",139330,,3217550,입출금
2026.03.15 18:11:09,"국수마당",15430,,3202120,입출금
2026.03.15 22:38:43,"빠른택시 *운행",15930,,3186190,입출금
2026.03.16 08:30:58,"텔커넥트 모바일",72900,,3113290,입출금
2026.03.16 13:25:54,"누리카드 충전",16790,,3096500,입출금
2026.03.17 10:54:12,"타코거리",55930,,3040570,입출금
2026.03.17 13:37:13,"클라우드네스트 200GB",4040,,3036530,입출금
2026.03.17 16:45:49,"푸른왜가리커피  1147",7340,,3029190,입출금
2026.03.19 10:57:17,"푸른왜가리커피 1147",5640,,3023550,입출금
2026.03.19 11:42:27,"푸른왜가리커피",10730,,3012820,입출금
2026.03.19 18:37:54,"누리카드 충전",17500,,2995320,입출금
2026.03.20 08:35:40,"북문상회",171980,,2823340,입출금
2026.03.20 09:18:57,"누리교통카드",11000,,2812340,입출금
2026.03.20 15:42:11,"도시실타래 환불",,172800,2985140,카드결제
2026.03.20 22:05:24,"푸른왜가리커피  1147",10930,,2974210,입출금
2026.03.21 07:36:50,"프라임박스 멤버십",12140,,2962070,입출금
2026.03.21 08:27:52,"도시실타래",195450,,2766620,카드결제
2026.03.21 14:34:47,"레일링크 고속",15340,,2751280,입출금
2026.03.22 13:46:24,"누리카드 충전",4810,,2746470,입출금
2026.03.22 13:55:38,"로스트웍스",6280,,2740190,입출금
2026.03.22 15:44:05,"국수마당",32050,,2708140,입출금
2026.03.22 16:08:57,"푸른왜가리커피  1147",7200,,2700940,입출금
2026.03.23 15:57:13,"빠른택시 *운행",8870,,2692070,입출금
2026.03.23 15:59:00,"도시실타래",231120,,2460950,카드결제
2026.03.24 10:56:01,"빠른택시 *운행",11640,,2449310,입출금
2026.03.24 15:41:42,"로스트웍스",9310,,2440000,입출금
2026.03.24 16:02:47,"푸른왜가리커피 1147",9800,,2430200,입출금
2026.03.24 19:18:49,"데브포지 코파일럿",13500,,2416700,입출금
2026.03.25 11:31:55,"누리교통카드",21600,,2395100,입출금
2026.03.25 13:41:23,"로스트웍스",6600,,2388500,입출금
2026.03.25 15:05:27,"(주)머리디언소프트 급여",,6547500,8936000,입출금
2026.03.25 19:32:23,"로스트웍스",11040,,8924960,입출금
2026.03.26 08:25:04,"아침숟가락",12000,,8912960,입출금
2026.03.26 11:24:01,"타코거리",47280,,8865680,입출금
2026.03.26 18:04:25,"누리교통카드",13950,,8851730,입출금
2026.03.27 08:07:34,"도시락특급",61410,,8790320,입출금
2026.03.27 09:26:55,"아침숟가락",7610,,8782710,입출금
2026.03.27 18:21:25,"도시실타래",114250,,8668460,카드결제
2026.03.29 15:00:00,"푸른왜가리커피 1147",4860,,8663600,입출금
2026.03.29 15:39:20,"국수마당 온라인",29890,,8633710,입출금
2026.03.29 19:32:57,"로스트웍스",5040,,8628670,입출금
2026.03.29 22:58:22,"초록들마트 느티나무점",104020,,8524650,입출금
2026.03.30 07:50:22,"타코거리",40150,,8484500,입출금
2026.03.30 21:26:21,"푸른왜가리커피",12310,,8472190,입출금
2026.03.31 15:47:20,"초록들마트 느티나무점",167860,,8304330,입출금
2026.04.01 14:42:20,"누리카드 충전",7790,,8296540,입출금
2026.04.01 21:57:58,"월세 이체 J무어",2497500,,5799040,입출금
2026.04.02 08:07:32,"푸른왜가리커피",7970,,5791070,입출금
2026.04.02 09:38:45,"선류요가원",174150,,5616920,입출금
2026.04.02 10:07:29,"빠른택시 *운행",13270,,5603650,입출금
2026.04.02 15:19:37,"초록들마트",49630,,5554020,입출금
2026.04.02 15:45:44,"로스트웍스",10140,,5543880,입출금
2026.04.03 13:54:45,"아침숟가락",5600,,5538280,입출금
2026.04.03 16:04:01,"푸른왜가리커피",10310,,5527970,입출금
2026.04.04 11:27:34,"국수마당",28000,,5499970,입출금
2026.04.04 12:27:36,"푸른왜가리커피",5410,,5494560,입출금
2026.04.04 13:43:01,"누리교통카드",20560,,5474000,입출금
2026.04.04 20:27:41,"스트림리",25640,,5448360,입출금
2026.04.06 19:13:07,"로스트웍스",11520,,5436840,입출금
2026.04.06 22:45:58,"레일링크 고속",13660,,5423180,입출금
2026.04.07 12:44:41,"누리카드 충전",10910,,5412270,입출금
2026.04.07 13:46:51,"초록들마트",72980,,5339290,입출금
2026.04.07 16:27:20,"도시락특급",40580,,5298710,입출금
2026.04.08 17:50:56,"도시락특급",44310,,5254400,입출금
2026.04.08 22:19:33,"빠른택시 *운행",10380,,5244020,입출금
2026.04.08 22:54:18,"초록들마트 느티나무점",29770,,5214250,입출금
2026.04.09 09:19:07,"북문상회",126220,,5088030,입출금
2026.04.09 11:32:44,"은수저식당",45560,,5042470,입출금
2026.04.09 15:34:46,"볼트백 프로 연간",13490,,5028980,카드결제
2026.04.09 21:52:44,"레일링크 고속",4310,,5024670,입출금
2026.04.10 17:21:39,"피자칸티나",19370,,5005300,입출금
2026.04.11 07:27:42,"튠박스 프리미엄",14840,,4990460,입출금
2026.04.11 16:58:01,"누리교통카드",14620,,4975840,입출금
2026.04.12 14:46:50,"빠른택시",6490,,4969350,입출금
2026.04.12 15:21:13,"도시실타래 온라인",207980,,4761370,카드결제
2026.04.12 16:18:43,"초록들마트 느티나무점",131620,,4629750,입출금
2026.04.12 21:59:03,"로스트웍스",5400,,4624350,입출금
2026.04.13 07:23:03,"찬장특급",117710,,4506640,입출금
2026.04.14 16:53:09,"레일링크 고속",4390,,4502250,입출금
2026.04.14 17:19:02,"찬장특급",28590,,4473660,입출금
2026.04.14 18:12:52,"푸른왜가리커피",11700,,4461960,입출금
2026.04.14 18:30:56,"도시락특급",29930,,4432030,입출금
2026.04.15 11:45:40,"누리교통카드",18130,,4413900,입출금
2026.04.15 12:31:21,"은수저식당",24660,,4389240,입출금
2026.04.15 13:54:08,"북부도시가스",66850,,4322390,입출금
2026.04.15 14:03:55,"도시실타래 온라인",282260,,4040130,카드결제
2026.04.15 15:21:39,"아침숟가락",4660,,4035470,입출금
2026.04.16 18:17:48,"텔커넥트 모바일",72900,,3962570,입출금
2026.04.16 21:00:10,"초록들마트",79700,,3882870,입출금
2026.04.17 10:42:45,"클라우드네스트 200GB",4040,,3878830,입출금
2026.04.17 10:43:52,"아침숟가락",5450,,3873380,입출금
2026.04.17 10:45:58,"아침숟가락",8100,,3865280,입출금
2026.04.17 14:37:27,"초록들마트 느티나무점",147410,,3717870,입출금
2026.04.17 16:40:58,"도시락특급",33030,,3684840,입출금
2026.04.17 20:10:42,"레일링크 고속",13700,,3671140,입출금
2026.04.18 09:02:50,"누리카드 충전",20590,,3650550,입출금
2026.04.18 15:05:49,"초록들마트 느티나무점",66230,,3584320,입출금
2026.04.18 16:44:46,"도시락특급",31450,,3552870,입출금
2026.04.19 10:54:43,"누리교통카드",8410,,3544460,입출금
2026.04.19 13:49:42,"푸른왜가리커피",7710,,3536750,입출금
2026.04.19 16:41:37,"로스트웍스",12340,,3524410,입출금
2026.04.20 07:59:23,"픽셀앤페이퍼",218400,,3306010,카드결제
2026.04.20 13:48:00,"로스트웍스",8420,,3297590,입출금
2026.04.20 16:34:26,"빠른택시",19830,,3277760,입출금
2026.04.20 17:58:00,"초록들마트 214호점",33180,,3244580,입출금
2026.04.20 22:02:30,"국수마당 온라인",54500,,3190080,입출금
2026.04.21 10:48:03,"푸른왜가리커피 1147",8760,,3181320,입출금
2026.04.21 14:17:35,"프라임박스 멤버십",12140,,3169180,입출금
2026.04.21 15:05:56,"찬장특급",83340,,3085840,입출금
2026.04.21 17:18:09,"은수저식당",52510,,3033330,입출금
2026.04.22 11:28:56,"도시락특급",50490,,2982840,입출금
2026.04.22 18:54:39,"빠른택시",8090,,2974750,입출금
2026.04.23 12:41:05,"푸른왜가리커피 1147",6620,,2968130,입출금
2026.04.23 19:08:14,"푸른왜가리커피  1147",10840,,2957290,입출금
2026.04.23 19:33:52,"누리교통카드",7640,,2949650,입출금
2026.04.24 18:01:51,"도시실타래 온라인",83020,,2866630,카드결제
2026.04.24 21:08:12,"데브포지 코파일럿",13500,,2853130,입출금
2026.04.25 07:33:42,"국수마당",29480,,2823650,입출금
2026.04.25 12:59:05,"아침숟가락",11250,,2812400,입출금
2026.04.25 15:01:45,"(주)머리디언소프트 급여",,6547500,9359900,입출금
2026.04.25 15:36:17,"레일링크 고속",9730,,9350170,입출금
2026.04.26 10:36:34,"도시실타래",202610,,9147560,카드결제
2026.04.26 11:26:02,"빠른택시 *운행",19060,,9128500,입출금
2026.04.26 11:53:42,"아침숟가락",6120,,9122380,입출금
2026.04.26 14:05:50,"타코거리",53010,,9069370,입출금
2026.04.26 16:59:29,"푸른왜가리커피  1147",11430,,9057940,입출금
2026.04.28 10:57:16,"푸른왜가리커피",11380,,9046560,입출금
2026.04.28 12:22:37,"북문상회",138040,,8908520,입출금
2026.04.28 17:35:00,"로스트웍스",11800,,8896720,입출금
2026.04.28 18:43:51,"누리교통카드",16210,,8880510,입출금
2026.04.29 07:47:10,"빠른택시",12490,,8868020,입출금
2026.04.29 08:51:13,"푸른왜가리커피 1147",10890,,8857130,입출금
2026.04.29 21:55:46,"타코거리",60070,,8797060,입출금
2026.04.30 14:02:53,"국수마당",29510,,8767550,입출금
2026.04.30 14:06:43,"누리카드 충전",16120,,8751430,입출금
2026.05.01 10:10:22,"초록들마트 214호점",54890,,8696540,입출금
2026.05.01 12:36:13,"푸른왜가리커피 1147",10310,,8686230,입출금
2026.05.01 14:59:37,"피자칸티나",58080,,8628150,입출금
2026.05.01 18:12:14,"월세 이체 J무어",2497500,,6130650,입출금
2026.05.01 19:59:03,"레일링크 고속",21440,,6109210,입출금
2026.05.02 07:18:39,"아침숟가락",8610,,6100600,입출금
2026.05.02 08:20:00,"하늘다리항공",1733400,,4367200,카드결제
2026.05.02 11:25:50,"선류요가원",174150,,4193050,입출금
2026.05.02 11:35:57,"픽셀앤페이퍼",45830,,4147220,카드결제
2026.05.02 19:50:12,"누리카드 충전",13930,,4133290,입출금
2026.05.03 07:50:31,"머무름둥지",1002370,,3130920,카드결제
2026.05.03 11:34:06,"찬장특급",172070,,2958850,입출금
2026.05.03 14:17:30,"누리카드 충전",7910,,2950940,입출금
2026.05.04 11:50:12,"누리교통카드",18910,,2932030,입출금
2026.05.04 12:13:31,"푸른왜가리커피 1147",8070,,2923960,입출금
2026.05.04 19:19:45,"스트림리",25640,,2898320,입출금
2026.05.05 09:55:43,"초록들마트 느티나무점",116910,,2781410,입출금
2026.05.05 18:16:10,"도시락특급",63310,,2718100,입출금
2026.05.05 19:16:14,"면세 제2터미널",429300,,2288800,카드결제
2026.05.05 21:45:25,"레일링크 고속",3280,,2285520,입출금
2026.05.06 11:36:38,"타코거리",51660,,2233860,입출금
2026.05.06 16:46:48,"누리교통카드",3480,,2230380,입출금
2026.05.07 20:52:25,"레일링크 고속",14080,,2216300,입출금
2026.05.08 07:34:22,"국수마당",30690,,2185610,입출금
2026.05.09 07:13:49,"빠른택시",3270,,2182340,입출금
2026.05.09 08:01:54,"볼트백 프로 연간",13490,,2168850,카드결제
2026.05.09 18:10:11,"푸른왜가리커피",11270,,2157580,입출금
2026.05.10 13:41:42,"푸른왜가리커피 1147",8020,,2149560,입출금
2026.05.10 14:45:56,"푸른왜가리커피",8220,,2141340,입출금
2026.05.10 20:23:58,"초록들마트",63370,,2077970,입출금
2026.05.11 11:35:30,"튠박스 프리미엄",14840,,2063130,입출금
2026.05.11 12:19:45,"푸른왜가리커피  1147",11970,,2051160,입출금
2026.05.11 18:46:17,"푸른왜가리커피",10110,,2041050,입출금
2026.05.12 14:29:43,"초록들마트 214호점",173290,,1867760,입출금
2026.05.12 18:56:56,"타코거리",45180,,1822580,입출금
2026.05.12 21:59:55,"빠른택시",13740,,1808840,입출금
2026.05.13 17:42:30,"레일링크 고속",5430,,1803410,입출금
2026.05.13 21:05:13,"국수마당 온라인",38110,,1765300,입출금
2026.05.14 15:00:51,"느티나무의원",104960,,1660340,카드결제
2026.05.15 09:10:43,"초록들마트 214호점",151480,,1508860,입출금
2026.05.15 17:02:53,"시립전력공사",135420,,1373440,입출금
2026.05.16 07:08:23,"텔커넥트 모바일",72900,,1300540,입출금
2026.05.16 11:41:21,"누리교통카드",9770,,1290770,입출금
2026.05.16 18:49:17,"국수마당",50960,,1239810,입출금
2026.05.16 19:29:13,"푸른왜가리커피",6370,,1233440,입출금
2026.05.16 19:57:55,"픽셀앤페이퍼",124010,,1109430,카드결제
2026.05.16 20:06:58,"국수마당 온라인",67970,,1041460,카드결제
2026.05.16 20:46:46,"푸른왜가리커피 1147",11390,,1030070,입출금
2026.05.17 10:52:05,"로스트웍스",6670,,1023400,입출금
2026.05.17 18:46:53,"클라우드네스트 200GB",4040,,1019360,입출금
2026.05.17 21:11:13,"아침숟가락",7880,,1011480,입출금
2026.05.18 19:01:19,"도시실타래",60900,,950580,카드결제
2026.05.18 21:02:54,"누리카드 충전",8880,,941700,입출금
2026.05.19 07:19:51,"도시실타래 온라인",66420,,875280,카드결제
2026.05.19 19:00:23,"좋은건강약국",93810,,781470,카드결제
2026.05.19 20:13:54,"아침숟가락",5800,,775670,입출금
2026.05.19 22:07:18,"레일링크 고속",9020,,766650,입출금
2026.05.20 13:05:05,"도시락특급",59250,,707400,입출금
2026.05.21 20:00:43,"프라임박스 멤버십",12140,,695260,입출금
2026.05.21 20:40:37,"매일생활잡화",207040,,488220,카드결제
2026.05.21 20:51:21,"누리카드 충전",18200,,470020,입출금
2026.05.22 07:47:16,"누리교통카드",21290,,448730,입출금
2026.05.22 11:23:39,"푸른왜가리커피",9460,,439270,입출금
2026.05.23 20:46:22,"누리교통카드",18680,,420590,입출금
2026.05.23 21:07:00,"푸른왜가리커피",4720,,415870,입출금
2026.05.24 11:08:57,"피자칸티나",52560,,363310,입출금
2026.05.24 16:14:10,"푸른왜가리커피 1147",5740,,357570,입출금
2026.05.24 19:02:44,"데브포지 코파일럿",13500,,344070,입출금
2026.05.24 21:04:27,"아침숟가락",7830,,336240,입출금
2026.05.25 15:10:11,"국수마당",34980,,301260,입출금
2026.05.25 17:10:52,"초록들마트 214호점",134370,,166890,입출금
2026.05.25 21:19:39,"도시실타래 온라인",277320,,-110430,카드결제
2026.05.25 21:38:30,"(주)머리디언소프트 급여",,6547500,6437070,입출금
2026.05.26 14:54:04,"도시락특급",44890,,6392180,입출금
2026.05.26 15:29:36,"푸른왜가리커피",5900,,6386280,입출금
2026.05.26 20:13:49,"빠른택시 *운행",10640,,6375640,입출금
2026.05.27 20:54:44,"레일링크 고속",16310,,6359330,입출금
2026.05.28 17:10:08,"빠른택시",10290,,6349040,입출금
2026.05.29 10:51:48,"초록들마트",174310,,6174730,입출금
2026.05.29 16:12:49,"피자칸티나",19300,,6155430,입출금
2026.05.29 16:15:24,"레일링크 고속",8920,,6146510,입출금
2026.05.30 13:03:10,"로스트웍스",7150,,6139360,입출금
2026.05.30 16:02:39,"은수저식당",31210,,6108150,입출금
2026.05.30 17:16:23,"초록들마트 느티나무점",100760,,6007390,입출금
2026.05.30 19:37:59,"레일링크 고속",17370,,5990020,입출금
2026.05.31 15:25:26,"푸른왜가리커피  1147",6720,,5983300,입출금
2026.05.31 17:44:03,"빠른택시 *운행",14300,,5969000,입출금
2026.05.31 20:34:13,"북문상회",89750,,5879250,입출금
2026.06.01 12:35:03,"아침숟가락",7920,,5871330,입출금
2026.06.01 12:58:59,"누리카드 충전",17940,,5853390,입출금
2026.06.01 13:51:34,"월세 이체 J무어",2497500,,3355890,입출금
2026.06.02 08:37:44,"선류요가원",174150,,3181740,입출금
2026.06.02 22:04:07,"빠른택시 *운행",15390,,3166350,입출금
2026.06.03 11:04:12,"북문상회",51080,,3115270,입출금
2026.06.03 18:50:41,"도시락특급",32350,,3082920,입출금
2026.06.04 08:38:52,"스트림리",25640,,3057280,입출금
2026.06.04 08:43:55,"푸른왜가리커피  1147",9980,,3047300,입출금
2026.06.04 17:41:18,"픽셀앤페이퍼",29540,,3017760,카드결제
2026.06.05 13:12:12,"국수마당 온라인",39200,,2978560,입출금
2026.06.05 16:22:08,"아침숟가락",9990,,2968570,입출금
2026.06.06 08:49:43,"빠른택시",19660,,2948910,입출금
2026.06.06 14:59:08,"푸른왜가리커피  1147",7570,,2941340,입출금
2026.06.06 15:31:46,"타코거리",30790,,2910550,입출금
2026.06.06 16:00:53,"북문상회",122800,,2787750,입출금
2026.06.06 19:40:18,"도시락특급",122550,,2665200,카드결제
2026.06.07 10:26:04,"빠른택시 *운행",21290,,2643910,입출금
2026.06.07 18:41:44,"푸른왜가리커피",4670,,2639240,입출금
2026.06.07 19:15:57,"느티나무의원",55160,,2584080,카드결제
2026.06.08 12:32:18,"누리교통카드",9610,,2574470,입출금
2026.06.08 15:43:53,"타코거리",30750,,2543720,입출금
2026.06.08 17:10:55,"푸른왜가리커피  1147",12160,,2531560,입출금
2026.06.08 17:21:37,"로스트웍스",7320,,2524240,입출금
2026.06.09 14:04:25,"볼트백 프로 연간",13490,,2510750,카드결제
2026.06.09 14:28:37,"누리카드 충전",11410,,2499340,입출금
2026.06.09 14:40:02,"노르드벨 홈",240160,,2259180,카드결제
2026.06.09 16:32:45,"아침숟가락",10770,,2248410,입출금
2026.06.10 10:12:20,"누리카드 충전",18080,,2230330,입출금
2026.06.10 10:56:22,"푸른왜가리커피 1147",9300,,2221030,입출금
2026.06.10 20:08:55,"푸른왜가리커피  1147",9270,,2211760,입출금
2026.06.11 12:59:41,"누리카드 충전",16160,,2195600,입출금
2026.06.11 14:18:04,"푸른왜가리커피 1147",9630,,2185970,입출금
2026.06.11 14:45:35,"튠박스 프리미엄",14840,,2171130,입출금
2026.06.11 19:45:43,"로스트웍스",8300,,2162830,입출금
2026.06.12 09:34:40,"아침숟가락",7170,,2155660,입출금
2026.06.12 16:19:38,"도시락특급",20360,,2135300,입출금
2026.06.12 19:22:39,"아침숟가락",11680,,2123620,입출금
2026.06.12 22:40:34,"초록들마트 느티나무점",56320,,2067300,입출금
2026.06.13 20:30:28,"푸른왜가리커피  1147",9720,,2057580,입출금
2026.06.13 21:17:44,"초록들마트 느티나무점",123320,,1934260,입출금
2026.06.14 07:28:34,"푸른왜가리커피",5830,,1928430,입출금
2026.06.14 14:43:29,"빠른택시",16540,,1911890,입출금
2026.06.14 17:56:11,"푸른왜가리커피",5800,,1906090,입출금
2026.06.15 11:11:57,"레일링크 고속",8600,,1897490,입출금
2026.06.15 17:21:02,"시립전력공사",92840,,1804650,입출금
2026.06.15 19:14:31,"로스트웍스",8290,,1796360,입출금
2026.06.16 10:29:31,"레일링크 고속",21250,,1775110,입출금
2026.06.16 10:57:26,"아침숟가락",12330,,1762780,입출금
2026.06.16 12:21:48,"피자칸티나",44500,,1718280,입출금
2026.06.16 22:44:14,"텔커넥트 모바일",72900,,1645380,입출금
2026.06.17 14:04:46,"푸른왜가리커피  1147",6990,,1638390,입출금
2026.06.17 14:06:46,"클라우드네스트 200GB",4040,,1634350,입출금
2026.06.17 15:08:41,"타코거리",36710,,1597640,입출금
2026.06.18 08:46:55,"로스트웍스",5630,,1592010,입출금
2026.06.18 09:25:53,"누리교통카드",4850,,1587160,입출금
2026.06.18 17:47:12,"초록들마트 느티나무점",81730,,1505430,입출금
2026.06.19 18:32:40,"노르드벨 홈",259390,,1246040,카드결제
2026.06.19 19:26:31,"로스트웍스",12370,,1233670,입출금
2026.06.20 18:58:44,"국수마당",34140,,1199530,입출금
2026.06.20 21:13:18,"노르드벨 홈",178120,,1021410,카드결제
2026.06.21 08:29:27,"아침숟가락",10790,,1010620,입출금
2026.06.21 08:49:07,"프라임박스 멤버십",12140,,998480,입출금
2026.06.21 13:41:28,"레일링크 고속",12840,,985640,입출금
2026.06.21 14:40:08,"아침숟가락",11140,,974500,입출금
2026.06.22 11:22:04,"타코거리",55620,,918880,입출금
2026.06.22 16:05:09,"누리교통카드",14730,,904150,입출금
2026.06.23 13:40:12,"빠른택시",9670,,894480,입출금
2026.06.24 08:50:40,"데브포지 코파일럿",13500,,880980,입출금
2026.06.24 16:13:44,"빠른택시",3350,,877630,입출금
2026.06.25 12:15:28,"(주)머리디언소프트 급여",,6547500,7425130,입출금
2026.06.25 21:57:12,"누리카드 충전",19530,,7405600,입출금
2026.06.25 22:26:43,"초록들마트 214호점",86120,,7319480,입출금
2026.06.26 08:38:10,"누리카드 충전",5170,,7314310,입출금
2026.06.26 08:47:46,"로스트웍스",4870,,7309440,입출금
2026.06.26 09:43:01,"초록들마트",138980,,7170460,입출금
2026.06.26 10:44:53,"은수저식당",19240,,7151220,입출금
2026.06.26 17:42:28,"아침숟가락",11190,,7140030,입출금
2026.06.27 08:43:36,"푸른왜가리커피 1147",12040,,7127990,입출금
2026.06.27 11:07:41,"레일링크 고속",3710,,7124280,입출금
2026.06.27 18:06:54,"초록들마트",141600,,6982680,입출금
2026.06.27 19:05:28,"국수마당 온라인",59050,,6923630,입출금
2026.06.28 09:46:33,"레일링크 고속",20910,,6902720,입출금
2026.06.28 13:20:33,"은수저식당",35140,,6867580,입출금
2026.06.29 08:01:55,"빠른택시",10880,,6856700,입출금
2026.06.29 14:38:28,"푸른왜가리커피  1147",12110,,6844590,입출금
2026.06.29 15:57:11,"도시락특급",17790,,6826800,입출금
2026.06.30 09:10:51,"국수마당 온라인",57750,,6769050,입출금
2026.06.30 11:42:12,"누리교통카드",16350,,6752700,입출금
2026.06.30 14:23:57,"푸른왜가리커피  1147",5240,,6747460,입출금
2026.07.01 10:14:01,"월세 이체 J무어",2497500,,4249960,입출금
2026.07.01 15:57:05,"도시락특급",22750,,4227210,입출금
2026.07.01 16:41:54,"아침숟가락",7970,,4219240,입출금
2026.07.01 16:50:42,"누리카드 충전",22220,,4197020,입출금
2026.07.01 19:32:31,"초록들마트 214호점",77960,,4119060,입출금
2026.07.01 19:57:59,"로스트웍스",6680,,4112380,입출금
2026.07.02 11:04:32,"타코거리",50420,,4061960,입출금
2026.07.02 15:49:28,"선류요가원",174150,,3887810,입출금
2026.07.02 16:18:36,"빠른택시 *운행",16620,,3871190,입출금
2026.07.03 21:06:06,"레일링크 고속",12620,,3858570,입출금
2026.07.04 19:28:51,"스트림리",25640,,3832930,입출금
2026.07.04 19:53:13,"국수마당 온라인",35330,,3797600,입출금
2026.07.05 10:59:53,"아침숟가락",8480,,3789120,입출금
2026.07.05 11:19:29,"누리카드 충전",7990,,3781130,입출금
2026.07.05 20:21:01,"아침숟가락",10040,,3771090,입출금
2026.07.06 13:03:13,"빠른택시",3440,,3767650,입출금
2026.07.07 07:43:54,"푸른왜가리커피 1147",9450,,3758200,입출금
2026.07.07 13:48:51,"찬장특급",152210,,3605990,입출금
2026.07.07 14:40:40,"빠른택시",16470,,3589520,입출금
2026.07.07 14:50:02,"국수마당 온라인",61570,,3527950,입출금
2026.07.07 15:57:41,"푸른왜가리커피  1147",6200,,3521750,입출금
2026.07.08 07:17:13,"국수마당 온라인",42690,,3479060,입출금
2026.07.08 12:15:02,"푸른왜가리커피 1147",7820,,3471240,입출금
2026.07.08 19:10:34,"푸른왜가리커피  1147",10570,,3460670,입출금
2026.07.09 18:55:10,"초록들마트 느티나무점",73170,,3387500,입출금
2026.07.09 19:33:14,"푸른왜가리커피  1147",9710,,3377790,입출금
2026.07.09 20:18:40,"국수마당 온라인",54160,,3323630,입출금
2026.07.09 22:08:09,"볼트백 프로 연간",13490,,3310140,카드결제
2026.07.10 11:34:06,"매일생활잡화",222790,,3087350,카드결제
2026.07.10 18:33:30,"푸른왜가리커피 1147",7290,,3080060,입출금
2026.07.10 20:12:17,"누리교통카드",7560,,3072500,입출금
2026.07.11 07:38:58,"국수마당 온라인",38930,,3033570,입출금
2026.07.11 15:54:27,"튠박스 프리미엄",14840,,3018730,입출금
2026.07.11 19:33:19,"로스트웍스",9920,,3008810,입출금
2026.07.11 20:47:39,"레일링크 고속",11430,,2997380,입출금
2026.07.12 11:43:50,"빠른택시",6900,,2990480,입출금
2026.07.12 21:15:55,"푸른왜가리커피 1147",8170,,2982310,입출금
2026.07.13 12:43:49,"도시락특급",56500,,2925810,입출금
2026.07.13 19:41:09,"누리교통카드",7320,,2918490,입출금
2026.07.14 15:57:29,"빠른택시",13190,,2905300,입출금
2026.07.14 21:17:52,"도시실타래 온라인",105450,,2799850,카드결제
2026.07.15 07:09:16,"푸른왜가리커피  1147",11330,,2788520,입출금
2026.07.15 14:01:41,"북부도시가스",140520,,2648000,입출금
2026.07.15 15:23:09,"누리교통카드",11950,,2636050,입출금
2026.07.15 20:19:58,"푸른왜가리커피 1147",11370,,2624680,입출금
2026.07.16 11:44:57,"텔커넥트 모바일",72900,,2551780,입출금
2026.07.16 12:32:59,"누리교통카드",10850,,2540930,입출금
2026.07.16 17:47:04,"매일생활잡화",240250,,2300680,카드결제
2026.07.16 22:56:48,"찬장특급",95700,,2204980,입출금
2026.07.17 16:52:38,"클라우드네스트 200GB",4040,,2200940,입출금
2026.07.17 22:24:48,"누리교통카드",4520,,2196420,입출금
2026.07.18 10:04:27,"국수마당",55070,,2141350,입출금
2026.07.18 10:48:00,"아침숟가락",8010,,2133340,입출금
2026.07.18 12:12:56,"피자칸티나",76870,,2056470,카드결제
2026.07.18 14:24:45,"아침숟가락",10890,,2045580,입출금
2026.07.18 20:01:25,"누리교통카드",12190,,2033390,입출금
2026.07.19 10:39:47,"국수마당",52100,,1981290,입출금
2026.07.19 18:17:29,"누리교통카드",10500,,1970790,입출금
2026.07.20 12:21:51,"국수마당",54090,,1916700,입출금
2026.07.20 12:40:03,"초록들마트 느티나무점",175040,,1741660,입출금
2026.07.20 22:40:14,"누리카드 충전",3500,,1738160,입출금
2026.07.21 07:01:00,"노르드벨 홈",240300,,1497860,카드결제
2026.07.21 08:23:43,"푸른왜가리커피  1147",6340,,1491520,입출금
2026.07.21 13:58:59,"프라임박스 멤버십",12140,,1479380,입출금
2026.07.21 15:08:59,"도시락특급",60470,,1418910,입출금
2026.07.21 22:07:33,"레일링크 고속",22090,,1396820,입출금
2026.07.22 13:23:13,"빠른택시 *운행",6860,,1389960,입출금
2026.07.22 21:14:52,"노르드벨 홈",26660,,1363300,카드결제
2026.07.23 11:22:16,"레일링크 고속",14110,,1349190,입출금
2026.07.23 20:41:03,"국수마당 온라인",27860,,1321330,입출금
2026.07.24 09:43:04,"누리교통카드",20490,,1300840,입출금
2026.07.24 15:38:19,"도시락특급",59830,,1241010,입출금
2026.07.24 15:59:06,"데브포지 코파일럿",13500,,1227510,입출금
2026.07.25 12:56:37,"국수마당 온라인",48280,,1179230,입출금
2026.07.25 19:18:43,"픽셀앤페이퍼",110000,,1069230,카드결제
2026.07.25 19:20:42,"(주)머리디언소프트 급여",,6547500,7616730,입출금
2026.07.25 21:39:09,"로스트웍스",9420,,7607310,입출금
2026.07.26 10:27:38,"초록들마트 214호점",111550,,7495760,입출금
2026.07.26 18:57:13,"푸른왜가리커피  1147",8680,,7487080,입출금
2026.07.26 22:23:08,"푸른왜가리커피  1147",9650,,7477430,입출금
2026.07.27 08:33:47,"푸른왜가리커피  1147",10720,,7466710,입출금
2026.07.27 13:49:47,"로스트웍스",5870,,7460840,입출금
2026.07.27 14:23:24,"누리카드 충전",6430,,7454410,입출금
2026.07.28 20:26:05,"누리교통카드",15210,,7439200,입출금
2026.07.29 08:22:38,"아침숟가락",5450,,7433750,입출금
2026.07.29 09:46:17,"초록들마트 느티나무점",166430,,7267320,입출금
2026.07.29 16:19:07,"도시실타래",122470,,7144850,카드결제
2026.07.29 22:43:13,"누리카드 충전",18330,,7126520,입출금
2026.07.30 16:42:06,"좋은건강약국",20400,,7106120,카드결제
2026.07.30 22:14:40,"빠른택시 *운행",11330,,7094790,입출금
2026.07.31 10:54:55,"누리교통카드",8500,,7086290,입출금
2026.07.31 21:20:01,"국수마당",34450,,7051840,입출금
2026.07.31 22:21:10,"찬장특급",136930,,6914910,입출금
2026.08.01 08:31:20,"빠른택시 *운행",10370,,6904540,입출금
2026.08.01 08:54:13,"찬장특급",139410,,6765130,입출금
2026.08.01 18:55:06,"월세 이체 J무어",2497500,,4267630,입출금
2026.08.01 19:16:37,"무쇠공작소 짐",40200,,4227430,카드결제
2026.08.01 22:06:32,"푸른왜가리커피",10250,,4217180,입출금
2026.08.02 12:59:46,"누리카드 충전",12890,,4204290,입출금
2026.08.02 16:06:14,"선류요가원",174150,,4030140,입출금
2026.08.02 17:15:44,"찬장특급",173210,,3856930,입출금
2026.08.02 17:35:09,"타코거리",29780,,3827150,입출금
2026.08.04 09:34:16,"푸른왜가리커피 1147",12180,,3814970,입출금
2026.08.04 14:36:00,"스트림리",25640,,3789330,입출금
2026.08.04 18:07:16,"초록들마트 느티나무점",86390,,3702940,입출금
2026.08.04 20:51:26,"누리카드 충전",6210,,3696730,입출금
2026.08.05 13:11:52,"빠른택시",10210,,3686520,입출금
2026.08.06 14:38:16,"국수마당 온라인",19900,,3666620,입출금
2026.08.06 16:55:44,"푸른왜가리커피  1147",5940,,3660680,입출금
2026.08.07 11:36:10,"누리카드 충전",9600,,3651080,입출금
2026.08.08 10:40:15,"로스트웍스",12410,,3638670,입출금
2026.08.08 20:18:48,"푸른왜가리커피 1147",9460,,3629210,입출금
2026.08.08 21:05:13,"국수마당 온라인",36150,,3593060,입출금
2026.08.09 11:04:56,"은수저식당",54890,,3538170,입출금
2026.08.09 11:42:31,"로스트웍스",8830,,3529340,입출금
2026.08.09 19:15:27,"볼트백 프로 연간",13490,,3515850,카드결제
2026.08.10 08:05:42,"푸른왜가리커피",6980,,3508870,입출금
2026.08.10 12:22:26,"누리교통카드",17290,,3491580,입출금
2026.08.10 15:58:02,"로스트웍스",11790,,3479790,입출금
2026.08.11 18:48:28,"픽셀앤페이퍼",124870,,3354920,카드결제
2026.08.11 20:26:11,"튠박스 프리미엄",14840,,3340080,입출금
2026.08.12 14:13:05,"빠른택시",15480,,3324600,입출금
2026.08.12 20:09:22,"푸른왜가리커피",8610,,3315990,입출금
2026.08.12 22:41:56,"피자칸티나",46370,,3269620,입출금
2026.08.13 11:55:43,"푸른왜가리커피  1147",9060,,3260560,입출금
2026.08.13 21:54:03,"푸른왜가리커피",7780,,3252780,입출금
2026.08.14 07:23:21,"북문상회",105420,,3147360,입출금
2026.08.14 15:02:31,"도시락특급",28850,,3118510,입출금
2026.08.14 19:56:16,"아침숟가락",7090,,3111420,입출금
2026.08.15 12:26:03,"아침숟가락",5640,,3105780,입출금
2026.08.15 12:49:07,"아쿠아웍스 수도",190730,,2915050,입출금
2026.08.15 19:53:40,"느티나무의원",99350,,2815700,카드결제
2026.08.15 20:33:23,"빠른택시",10150,,2805550,입출금
2026.08.16 07:32:55,"초록들마트 느티나무점",104650,,2700900,입출금
2026.08.16 11:07:14,"은수저식당",28260,,2672640,입출금
2026.08.16 13:09:02,"푸른왜가리커피 1147",7150,,2665490,입출금
2026.08.16 13:25:07,"빠른택시 *운행",17660,,2647830,입출금
2026.08.16 22:27:49,"텔커넥트 모바일",72900,,2574930,입출금
2026.08.17 09:25:05,"초록들마트 214호점",31510,,2543420,입출금
2026.08.17 12:25:11,"아침숟가락",11950,,2531470,입출금
2026.08.17 17:36:39,"클라우드네스트 200GB",4040,,2527430,입출금
2026.08.17 20:45:57,"국수마당 온라인",61630,,2465800,입출금
2026.08.17 21:07:03,"빠른택시",6070,,2459730,입출금
2026.08.18 21:09:45,"로스트웍스",9370,,2450360,입출금
2026.08.19 09:12:20,"빠른택시",19820,,2430540,입출금
2026.08.19 21:38:01,"푸른왜가리커피  1147",7990,,2422550,입출금
2026.08.20 07:14:46,"푸른왜가리커피 1147",5910,,2416640,입출금
2026.08.20 13:30:33,"도시락특급",57940,,2358700,입출금
2026.08.20 13:30:41,"푸른왜가리커피 1147",6620,,2352080,입출금
2026.08.21 09:00:48,"프라임박스 멤버십",12140,,2339940,입출금
2026.08.21 12:55:56,"로스트웍스",7410,,2332530,입출금
2026.08.21 14:00:55,"초록들마트",116450,,2216080,입출금
2026.08.21 14:32:23,"누리교통카드",9950,,2206130,입출금
2026.08.21 19:03:27,"푸른왜가리커피 1147",10580,,2195550,입출금
2026.08.22 17:50:51,"로스트웍스",7830,,2187720,입출금
2026.08.22 19:56:40,"누리교통카드",17090,,2170630,입출금
2026.08.22 22:18:02,"은수저식당",38070,,2132560,입출금
2026.08.23 22:40:00,"레일링크 고속",5790,,2126770,입출금
2026.08.24 19:01:34,"데브포지 코파일럿",13500,,2113270,입출금
2026.08.24 21:03:22,"빠른택시",19860,,2093410,입출금
2026.08.25 10:41:53,"피자칸티나",63540,,2029870,입출금
2026.08.25 15:34:37,"(주)머리디언소프트 급여",,6547500,8577370,입출금
2026.08.25 21:11:37,"누리카드 충전",17900,,8559470,입출금
2026.08.26 07:14:50,"누리교통카드",21490,,8537980,입출금
2026.08.27 11:27:11,"아침숟가락",10330,,8527650,입출금
2026.08.27 14:38:06,"빠른택시",6060,,8521590,입출금
2026.08.27 17:26:46,"푸른왜가리커피 1147",12040,,8509550,입출금
2026.08.28 09:31:18,"아침숟가락",8900,,8500650,입출금
2026.08.28 18:54:59,"레일링크 고속",8630,,8492020,입출금
2026.08.29 16:31:25,"느티나무의원",48300,,8443720,카드결제
2026.08.29 20:52:25,"아침숟가락",11690,,8432030,입출금
2026.08.29 21:42:03,"로스트웍스",9940,,8422090,입출금
2026.08.30 09:56:52,"푸른왜가리커피",11310,,8410780,입출금
2026.08.30 10:00:03,"초록들마트",46320,,8364460,입출금
2026.08.30 13:34:34,"누리교통카드",14940,,8349520,입출금
2026.08.30 18:58:48,"아침숟가락",5620,,8343900,입출금
2026.08.31 09:26:55,"픽셀앤페이퍼",280420,,8063480,카드결제
2026.08.31 13:22:08,"로스트웍스",10920,,8052560,입출금
2026.08.31 18:43:07,"누리교통카드",10660,,8041900,입출금
2026.08.31 19:52:07,"피자칸티나",61200,,7980700,입출금
