Date,Description,Amount,Currency,Account
2025-09-01,"RENT TRANSFER - J MOORE",-1850.00,USD,"Everyday Checking ****2210"
2025-09-01,"BLUE HERON COFFEE  1147",-7.14,USD,"Everyday Checking ****2210"
2025-09-01,"METROCARD RELOAD",-3.64,USD,"Everyday Checking ****2210"
2025-09-02,"ELM STREET CLINIC",-51.30,USD,"Horizon Rewards Card ****4417"
2025-09-02,"SILVER FORK BISTRO",-43.18,USD,"Everyday Checking ****2210"
2025-09-02,"ZENFLOW YOGA STUDIO",-129.00,USD,"Everyday Checking ****2210"
2025-09-03,"METROCARD RELOAD",-14.22,USD,"Everyday Checking ****2210"
2025-09-03,"BLUE HERON COFFEE  1147",-4.46,USD,"Everyday Checking ****2210"
2025-09-03,"ROASTWORKS ESPRESSO",-8.91,USD,"Everyday Checking ****2210"
2025-09-03,"PANTRY EXPRESS",-33.34,USD,"Everyday Checking ****2210"
2025-09-04,"URBAN THREAD ONLINE",-58.86,USD,"Horizon Rewards Card ****4417"
2025-09-04,"BLUE HERON COFFEE",-5.88,USD,"Everyday Checking ****2210"
2025-09-04,"PIZZA CANTINA",-20.26,USD,"Everyday Checking ****2210"
2025-09-04,"STREAMLY.COM",-15.99,USD,"Everyday Checking ****2210"
2025-09-04,"ROASTWORKS ESPRESSO",-7.70,USD,"Everyday Checking ****2210"
2025-09-04,"SWIFTCAB *TRIP",-5.75,USD,"Everyday Checking ****2210"
2025-09-05,"RAILLINK INTERCITY",-9.41,USD,"Everyday Checking ****2210"
2025-09-05,"BLUE HERON COFFEE  1147",-5.51,USD,"Everyday Checking ****2210"
2025-09-05,"BLUE HERON COFFEE  1147",-8.21,USD,"Everyday Checking ****2210"
2025-09-05,"NORTHGATE GROCERS",-54.59,USD,"Everyday Checking ****2210"
2025-09-05,"PIXEL AND PAPER",-170.20,USD,"Horizon Rewards Card ****4417"
2025-09-06,"TAKO STREET KITCHEN",-58.44,USD,"Horizon Rewards Card ****4417"
2025-09-07,"SWIFTCAB *TRIP",-12.80,USD,"Everyday Checking ****2210"
2025-09-07,"BLUE HERON COFFEE",-5.00,USD,"Everyday Checking ****2210"
2025-09-08,"PANTRY EXPRESS",-86.58,USD,"Everyday Checking ****2210"
2025-09-09,"GREENFIELD MKT #214",-91.31,USD,"Everyday Checking ****2210"
2025-09-09,"SWIFTCAB *TRIP",-12.84,USD,"Everyday Checking ****2210"
2025-09-09,"VAULTBACK PRO ANNUALSAVE",-9.99,USD,"Horizon Rewards Card ****4417"
2025-09-09,"BLUEHERON COFFEE #1147",-4.26,USD,"Everyday Checking ****2210"
2025-09-10,"NOODLE YARD",-47.22,USD,"Everyday Checking ****2210"
2025-09-10,"BLUEHERON COFFEE #1147",-6.75,USD,"Everyday Checking ****2210"
2025-09-10,"SWIFTCAB *TRIP",-14.75,USD,"Everyday Checking ****2210"
2025-09-11,"TUNEBOX PREMIUM",-10.99,USD,"Everyday Checking ****2210"
2025-09-11,"METROCARD RELOAD",-5.63,USD,"Everyday Checking ****2210"
2025-09-12,"MORNING SPOON CAFE",-7.72,USD,"Everyday Checking ****2210"
2025-09-12,"NOODLEYARD ONLINE",-15.52,USD,"Everyday Checking ****2210"
2025-09-12,"GREENFIELD MKT #214",-65.24,USD,"Everyday Checking ****2210"
2025-09-12,"PIXEL AND PAPER",-189.71,USD,"Horizon Rewards Card ****4417"
2025-09-13,"BLUEHERON COFFEE #1147",-6.59,USD,"Everyday Checking ****2210"
2025-09-13,"METRO TRANSIT CARD",-6.98,USD,"Everyday Checking ****2210"
2025-09-13,"ELM STREET CLINIC",-31.19,USD,"Horizon Rewards Card ****4417"
2025-09-13,"BLUE HERON COFFEE",-6.83,USD,"Everyday Checking ****2210"
2025-09-13,"PIZZA CANTINA",-22.56,USD,"Everyday Checking ****2210"
2025-09-14,"METRO TRANSIT CARD",-14.08,USD,"Everyday Checking ****2210"
2025-09-14,"BLUE HERON COFFEE  1147",-3.56,USD,"Everyday Checking ****2210"
2025-09-15,"RAILLINK INTERCITY",-10.81,USD,"Everyday Checking ****2210"
2025-09-15,"CITY POWER AND LIGHT",-75.39,USD,"Everyday Checking ****2210"
2025-09-16,"RAILLINK INTERCITY",-15.13,USD,"Everyday Checking ****2210"
2025-09-16,"TELCONNECT MOBILE",-54.00,USD,"Everyday Checking ****2210"
2025-09-16,"ROASTWORKS ESPRESSO",-5.68,USD,"Everyday Checking ****2210"
2025-09-17,"BLUE HERON COFFEE  1147",-8.95,USD,"Everyday Checking ****2210"
2025-09-17,"SWIFTCAB *TRIP",-7.64,USD,"Everyday Checking ****2210"
2025-09-17,"MORNING SPOON CAFE",-7.21,USD,"Everyday Checking ****2210"
2025-09-17,"TAKO STREET KITCHEN",-11.69,USD,"Everyday Checking ****2210"
2025-09-17,"CLOUDNEST STORAGE 200GB",-2.99,USD,"Everyday Checking ****2210"
2025-09-18,"SWIFT CAB",-9.44,USD,"Everyday Checking ****2210"
2025-09-18,"SILVER FORK BISTRO",-47.42,USD,"Everyday Checking ****2210"
2025-09-19,"NOODLE YARD",-36.62,USD,"Everyday Checking ****2210"
2025-09-19,"METRO TRANSIT CARD",-5.80,USD,"Everyday Checking ****2210"
2025-09-20,"SWIFTCAB *TRIP",-8.74,USD,"Everyday Checking ****2210"
2025-09-21,"GOODHEALTH PHARMACY",-45.21,USD,"Horizon Rewards Card ****4417"
2025-09-21,"PANTRY EXPRESS",-127.43,USD,"Everyday Checking ****2210"
2025-09-21,"NOODLEYARD ONLINE",-17.77,USD,"Everyday Checking ****2210"
2025-09-21,"BLUE HERON COFFEE",-5.67,USD,"Everyday Checking ****2210"
2025-09-21,"PRIMEBOX MEMBERSHIP",-8.99,USD,"Everyday Checking ****2210"
2025-09-22,"Greenfield Market - Elm St",-20.92,USD,"Everyday Checking ****2210"
2025-09-22,"SWIFTCAB *TRIP",-2.96,USD,"Everyday Checking ****2210"
2025-09-22,"SILVER FORK BISTRO",-32.07,USD,"Everyday Checking ****2210"
2025-09-23,"BLUE HERON COFFEE  1147",-5.83,USD,"Everyday Checking ****2210"
2025-09-23,"GREENFIELD MKT #214",-86.84,USD,"Everyday Checking ****2210"
2025-09-23,"BLUE HERON COFFEE  1147",-8.99,USD,"Everyday Checking ****2210"
2025-09-24,"DEVFORGE COPILOT",-10.00,USD,"Everyday Checking ****2210"
2025-09-24,"BENTO BOX EXPRESS",-19.25,USD,"Everyday Checking ****2210"
2025-09-24,"BLUE HERON COFFEE",-4.35,USD,"Everyday Checking ****2210"
2025-09-25,"Greenfield Market - Elm St",-71.18,USD,"Everyday Checking ****2210"
2025-09-25,"METRO TRANSIT CARD",-5.82,USD,"Everyday Checking ****2210"
2025-09-25,"MERIDIAN SOFTWARE LTD PAYROLL",4850.00,USD,"Everyday Checking ****2210"
2025-09-26,"TAKO STREET KITCHEN",-32.02,USD,"Everyday Checking ****2210"
2025-09-26,"NORTHGATE GROCERS",-21.34,USD,"Everyday Checking ****2210"
2025-09-27,"ROASTWORKS ESPRESSO",-4.80,USD,"Everyday Checking ****2210"
2025-09-27,"SWIFT CAB",-8.63,USD,"Everyday Checking ****2210"
2025-09-28,"NOODLEYARD ONLINE",-46.96,USD,"Everyday Checking ****2210"
2025-09-28,"SWIFTCAB *TRIP",-9.34,USD,"Everyday Checking ****2210"
2025-09-29,"SWIFT CAB",-2.53,USD,"Everyday Checking ****2210"
2025-09-29,"PIZZA CANTINA",-17.59,USD,"Everyday Checking ****2210"
2025-09-30,"METROCARD RELOAD",-10.34,USD,"Everyday Checking ****2210"
2025-09-30,"URBAN THREAD ONLINE",-197.52,USD,"Horizon Rewards Card ****4417"
2025-10-01,"RENT TRANSFER - J MOORE",-1850.00,USD,"Everyday Checking ****2210"
2025-10-01,"BLUE HERON COFFEE",-7.65,USD,"Everyday Checking ****2210"
2025-10-01,"PANTRY EXPRESS",-19.41,USD,"Everyday Checking ****2210"
2025-10-01,"SWIFTCAB *TRIP",-4.43,USD,"Everyday Checking ****2210"
2025-10-02,"BLUE HERON COFFEE",-9.15,USD,"Everyday Checking ****2210"
2025-10-02,"ZENFLOW YOGA STUDIO",-129.00,USD,"Everyday Checking ****2210"
2025-10-03,"GREENFIELD MARKET",-47.09,USD,"Everyday Checking ****2210"
2025-10-03,"SWIFTCAB *TRIP",-3.77,USD,"Everyday Checking ****2210"
2025-10-03,"PIZZA CANTINA",-18.00,USD,"Everyday Checking ****2210"
2025-10-04,"GREENFIELD MKT #214",-110.16,USD,"Everyday Checking ****2210"
2025-10-04,"STREAMLY.COM",-15.99,USD,"Everyday Checking ****2210"
2025-10-05,"GREENFIELD MARKET",-52.29,USD,"Everyday Checking ****2210"
2025-10-05,"TAKO STREET KITCHEN",-12.27,USD,"Everyday Checking ****2210"
2025-10-06,"RAILLINK INTERCITY",-11.55,USD,"Everyday Checking ****2210"
2025-10-06,"BLUEHERON COFFEE #1147",-6.08,USD,"Everyday Checking ****2210"
2025-10-06,"BLUEHERON COFFEE #1147",-3.60,USD,"Everyday Checking ****2210"
2025-10-07,"NORTHGATE GROCERS",-120.16,USD,"Everyday Checking ****2210"
2025-10-07,"SILVER FORK BISTRO",-43.04,USD,"Everyday Checking ****2210"
2025-10-07,"ROASTWORKS ESPRESSO",-6.13,USD,"Everyday Checking ****2210"
2025-10-08,"NORTHGATE GROCERS",-59.01,USD,"Everyday Checking ****2210"
2025-10-08,"BLUE HERON COFFEE",-3.92,USD,"Everyday Checking ****2210"
2025-10-09,"METRO TRANSIT CARD",-11.27,USD,"Everyday Checking ****2210"
2025-10-09,"VAULTBACK PRO ANNUALSAVE",-9.99,USD,"Horizon Rewards Card ****4417"
2025-10-09,"BENTO BOX EXPRESS",-15.31,USD,"Everyday Checking ****2210"
2025-10-10,"ROASTWORKS ESPRESSO",-8.75,USD,"Everyday Checking ****2210"
2025-10-10,"DAILYGOODS DEPOT",-109.45,USD,"Horizon Rewards Card ****4417"
2025-10-10,"MORNING SPOON CAFE",-4.39,USD,"Everyday Checking ****2210"
2025-10-10,"NOODLE YARD",-37.71,USD,"Everyday Checking ****2210"
2025-10-10,"SWIFT CAB",-3.66,USD,"Everyday Checking ****2210"
2025-10-11,"TUNEBOX PREMIUM",-10.99,USD,"Everyday Checking ****2210"
2025-10-11,"SWIFT CAB",-11.20,USD,"Everyday Checking ****2210"
2025-10-12,"BENTO BOX EXPRESS",-17.44,USD,"Everyday Checking ****2210"
2025-10-12,"BLUE HERON COFFEE  1147",-4.61,USD,"Everyday Checking ****2210"
2025-10-13,"METROCARD RELOAD",-8.39,USD,"Everyday Checking ****2210"
2025-10-14,"PANTRY EXPRESS",-60.42,USD,"Everyday Checking ****2210"
2025-10-14,"TAKO STREET KITCHEN",-18.14,USD,"Everyday Checking ****2210"
2025-10-14,"METRO TRANSIT CARD",-11.08,USD,"Everyday Checking ****2210"
2025-10-15,"SWIFTCAB *TRIP",-7.25,USD,"Everyday Checking ****2210"
2025-10-15,"NORTHERN GAS UTILITY",-112.16,USD,"Everyday Checking ****2210"
2025-10-15,"MORNING SPOON CAFE",-6.05,USD,"Everyday Checking ****2210"
2025-10-15,"BLUEHERON COFFEE #1147",-8.67,USD,"Everyday Checking ****2210"
2025-10-16,"TELCONNECT MOBILE",-54.00,USD,"Everyday Checking ****2210"
2025-10-16,"SWIFTCAB *TRIP",-10.45,USD,"Everyday Checking ****2210"
2025-10-16,"DAILYGOODS DEPOT",-110.83,USD,"Horizon Rewards Card ****4417"
2025-10-16,"NOODLEYARD ONLINE",-46.41,USD,"Everyday Checking ****2210"
2025-10-17,"CLOUDNEST STORAGE 200GB",-2.99,USD,"Everyday Checking ****2210"
2025-10-17,"GREENFIELD MKT #214",-70.14,USD,"Everyday Checking ****2210"
2025-10-17,"METROCARD RELOAD",-5.47,USD,"Everyday Checking ****2210"
2025-10-17,"BLUE HERON COFFEE",-8.93,USD,"Everyday Checking ****2210"
2025-10-17,"ROASTWORKS ESPRESSO",-6.43,USD,"Everyday Checking ****2210"
2025-10-18,"BENTO BOX EXPRESS",-39.29,USD,"Everyday Checking ****2210"
2025-10-18,"RAILLINK INTERCITY",-3.88,USD,"Everyday Checking ****2210"
2025-10-19,"BLUEHERON COFFEE #1147",-4.67,USD,"Everyday Checking ****2210"
2025-10-19,"METRO TRANSIT CARD",-12.02,USD,"Everyday Checking ****2210"
2025-10-20,"SWIFT CAB",-9.24,USD,"Everyday Checking ****2210"
2025-10-20,"ROASTWORKS ESPRESSO",-3.48,USD,"Everyday Checking ****2210"
2025-10-21,"ROASTWORKS ESPRESSO",-3.55,USD,"Everyday Checking ****2210"
2025-10-21,"NOODLEYARD ONLINE",-47.27,USD,"Everyday Checking ****2210"
2025-10-21,"PRIMEBOX MEMBERSHIP",-8.99,USD,"Everyday Checking ****2210"
2025-10-21,"METROCARD RELOAD",-13.27,USD,"Everyday Checking ****2210"
2025-10-22,"BENTO BOX EXPRESS",-21.55,USD,"Everyday Checking ****2210"
2025-10-22,"METROCARD RELOAD",-8.37,USD,"Everyday Checking ****2210"
2025-10-23,"METRO TRANSIT CARD",-5.63,USD,"Everyday Checking ****2210"
2025-10-23,"SILVER FORK BISTRO",-14.56,USD,"Everyday Checking ****2210"
2025-10-23,"Greenfield Market - Elm St",-101.23,USD,"Everyday Checking ****2210"
2025-10-24,"ROASTWORKS ESPRESSO",-5.33,USD,"Everyday Checking ****2210"
2025-10-24,"METRO TRANSIT CARD",-8.80,USD,"Everyday Checking ****2210"
2025-10-24,"DEVFORGE COPILOT",-10.00,USD,"Everyday Checking ****2210"
2025-10-24,"BENTO BOX EXPRESS",-23.66,USD,"Everyday Checking ****2210"
2025-10-25,"BLUE HERON COFFEE  1147",-8.13,USD,"Everyday Checking ****2210"
2025-10-25,"PIZZA CANTINA",-41.89,USD,"Everyday Checking ****2210"
2025-10-25,"SILVER FORK BISTRO",-39.89,USD,"Horizon Rewards Card ****4417"
2025-10-25,"RAILLINK INTERCITY",-15.57,USD,"Everyday Checking ****2210"
2025-10-25,"MERIDIAN SOFTWARE LTD PAYROLL",4850.00,USD,"Everyday Checking ****2210"
2025-10-26,"SWIFT CAB",-13.13,USD,"Everyday Checking ****2210"
2025-10-26,"GREENFIELD MKT #214",-109.82,USD,"Everyday Checking ****2210"
2025-10-27,"TAKO STREET KITCHEN",-37.49,USD,"Everyday Checking ****2210"
2025-10-27,"SWIFT CAB",-11.77,USD,"Everyday Checking ****2210"
2025-10-28,"BLUE HERON COFFEE  1147",-7.84,USD,"Everyday Checking ****2210"
2025-10-28,"METROCARD RELOAD",-4.95,USD,"Everyday Checking ****2210"
2025-10-29,"PANTRY EXPRESS",-77.17,USD,"Everyday Checking ****2210"
2025-10-29,"METROCARD RELOAD",-6.99,USD,"Everyday Checking ****2210"
2025-10-29,"NOODLEYARD ONLINE",-41.37,USD,"Everyday Checking ****2210"
2025-10-30,"METROCARD RELOAD",-8.37,USD,"Everyday Checking ****2210"
2025-10-30,"BLUE HERON COFFEE",-5.86,USD,"Everyday Checking ****2210"
2025-10-31,"PIXEL AND PAPER",-34.30,USD,"Horizon Rewards Card ****4417"
2025-11-01,"RENT TRANSFER - J MOORE",-1850.00,USD,"Everyday Checking ****2210"
2025-11-01,"SILVER FORK BISTRO",-16.35,USD,"Everyday Checking ****2210"
2025-11-02,"ZENFLOW YOGA STUDIO",-129.00,USD,"Everyday Checking ****2210"
2025-11-02,"METRO TRANSIT CARD",-3.23,USD,"Everyday Checking ****2210"
2025-11-02,"BLUEHERON COFFEE #1147",-6.40,USD,"Everyday Checking ****2210"
2025-11-03,"SWIFTCAB *TRIP",-11.61,USD,"Everyday Checking ****2210"
2025-11-03,"GREENFIELD MKT #214",-35.24,USD,"Everyday Checking ****2210"
2025-11-04,"TAKO STREET KITCHEN",-41.76,USD,"Everyday Checking ****2210"
2025-11-04,"STREAMLY.COM",-15.99,USD,"Everyday Checking ****2210"
2025-11-04,"BLUE HERON COFFEE  1147",-4.56,USD,"Everyday Checking ****2210"
2025-11-05,"SILVER FORK BISTRO",-32.81,USD,"Everyday Checking ****2210"
2025-11-05,"BLUE HERON COFFEE  1147",-6.83,USD,"Everyday Checking ****2210"
2025-11-06,"BENTO BOX EXPRESS",-31.33,USD,"Everyday Checking ****2210"
2025-11-06,"SWIFT CAB",-6.43,USD,"Everyday Checking ****2210"
2025-11-07,"TAKO STREET KITCHEN",-15.71,USD,"Everyday Checking ****2210"
2025-11-07,"URBANTHREAD",-130.52,USD,"Horizon Rewards Card ****4417"
2025-11-07,"METROCARD RELOAD",-9.11,USD,"Everyday Checking ****2210"
2025-11-08,"GOODHEALTH PHARMACY",-71.14,USD,"Horizon Rewards Card ****4417"
2025-11-08,"MORNING SPOON CAFE",-7.75,USD,"Everyday Checking ****2210"
2025-11-08,"BLUEHERON COFFEE #1147",-5.10,USD,"Everyday Checking ****2210"
2025-11-08,"SWIFT CAB",-10.57,USD,"Everyday Checking ****2210"
2025-11-09,"SWIFT CAB",-15.05,USD,"Everyday Checking ****2210"
2025-11-09,"BENTO BOX EXPRESS",-18.07,USD,"Everyday Checking ****2210"
2025-11-09,"BLUE HERON COFFEE  1147",-4.40,USD,"Everyday Checking ****2210"
2025-11-09,"VAULTBACK PRO ANNUALSAVE",-9.99,USD,"Horizon Rewards Card ****4417"
2025-11-09,"BLUE HERON COFFEE",-8.18,USD,"Everyday Checking ****2210"
2025-11-10,"MORNING SPOON CAFE",-5.88,USD,"Everyday Checking ****2210"
2025-11-11,"BLUE HERON COFFEE  1147",-6.27,USD,"Everyday Checking ****2210"
2025-11-11,"TUNEBOX PREMIUM",-10.99,USD,"Everyday Checking ****2210"
2025-11-11,"NOODLEYARD ONLINE",-44.32,USD,"Everyday Checking ****2210"
2025-11-11,"METROCARD RELOAD",-14.13,USD,"Everyday Checking ****2210"
2025-11-11,"BLUE HERON COFFEE  1147",-8.17,USD,"Everyday Checking ****2210"
2025-11-12,"RAILLINK INTERCITY",-13.58,USD,"Everyday Checking ****2210"
2025-11-12,"BLUE HERON COFFEE  1147",-5.60,USD,"Everyday Checking ****2210"
2025-11-13,"SWIFTCAB *TRIP",-3.91,USD,"Everyday Checking ****2210"
2025-11-13,"BLUE HERON COFFEE",-4.91,USD,"Everyday Checking ****2210"
2025-11-13,"NORTHGATE GROCERS",-56.27,USD,"Everyday Checking ****2210"
2025-11-14,"TAKO STREET KITCHEN",-38.12,USD,"Everyday Checking ****2210"
2025-11-14,"MORNING SPOON CAFE",-4.94,USD,"Everyday Checking ****2210"
2025-11-14,"SWIFT CAB",-12.85,USD,"Everyday Checking ****2210"
2025-11-15,"NORTHGATE GROCERS",-123.45,USD,"Everyday Checking ****2210"
2025-11-15,"ROASTWORKS ESPRESSO",-6.26,USD,"Everyday Checking ****2210"
2025-11-15,"CITY POWER AND LIGHT",-102.04,USD,"Everyday Checking ****2210"
2025-11-15,"SWIFT CAB",-11.19,USD,"Everyday Checking ****2210"
2025-11-15,"ROASTWORKS ESPRESSO",-7.89,USD,"Everyday Checking ****2210"
2025-11-16,"TELCONNECT MOBILE",-54.00,USD,"Everyday Checking ****2210"
2025-11-16,"SWIFT CAB",-5.05,USD,"Everyday Checking ****2210"
2025-11-17,"BLUE HERON COFFEE",-6.37,USD,"Everyday Checking ****2210"
2025-11-17,"BLUEHERON COFFEE #1147",-8.68,USD,"Everyday Checking ****2210"
2025-11-17,"METROCARD RELOAD",-12.94,USD,"Everyday Checking ****2210"
2025-11-17,"CLOUDNEST STORAGE 200GB",-2.99,USD,"Everyday Checking ****2210"
2025-11-18,"NOODLE YARD",-28.32,USD,"Everyday Checking ****2210"
2025-11-19,"MORNING SPOON CAFE",-4.69,USD,"Everyday Checking ****2210"
2025-11-19,"SWIFTCAB *TRIP",-3.36,USD,"Everyday Checking ****2210"
2025-11-19,"GREENFIELD MARKET",-122.98,USD,"Everyday Checking ****2210"
2025-11-20,"SWIFT CAB",-14.73,USD,"Everyday Checking ****2210"
2025-11-20,"SILVER FORK BISTRO",-20.98,USD,"Everyday Checking ****2210"
2025-11-20,"GREENFIELD MKT #214",-100.27,USD,"Everyday Checking ****2210"
2025-11-21,"PRIMEBOX MEMBERSHIP",-8.99,USD,"Everyday Checking ****2210"
2025-11-21,"SWIFT CAB",-8.48,USD,"Everyday Checking ****2210"
2025-11-21,"BENTO BOX EXPRESS",-27.29,USD,"Everyday Checking ****2210"
2025-11-21,"MORNING SPOON CAFE",-6.51,USD,"Everyday Checking ****2210"
2025-11-22,"MORNING SPOON CAFE",-4.24,USD,"Everyday Checking ****2210"
2025-11-22,"SWIFT CAB",-12.42,USD,"Everyday Checking ****2210"
2025-11-23,"METRO TRANSIT CARD",-14.15,USD,"Everyday Checking ****2210"
2025-11-24,"BENTO BOX EXPRESS",-39.82,USD,"Everyday Checking ****2210"
2025-11-24,"DEVFORGE COPILOT",-10.00,USD,"Everyday Checking ****2210"
2025-11-24,"BLUEHERON COFFEE #1147",-6.68,USD,"Everyday Checking ****2210"
2025-11-24,"BLUE HERON COFFEE",-4.90,USD,"Everyday Checking ****2210"
2025-11-24,"METRO TRANSIT CARD",-12.66,USD,"Everyday Checking ****2210"
2025-11-25,"MERIDIAN SOFTWARE LTD PAYROLL",4850.00,USD,"Everyday Checking ****2210"
2025-11-25,"METRO TRANSIT CARD",-12.05,USD,"Everyday Checking ****2210"
2025-11-26,"SWIFTCAB *TRIP",-10.34,USD,"Everyday Checking ****2210"
2025-11-26,"MORNING SPOON CAFE",-6.36,USD,"Everyday Checking ****2210"
2025-11-27,"BENTO BOX EXPRESS",-40.18,USD,"Everyday Checking ****2210"
2025-11-27,"METRO TRANSIT CARD",-8.31,USD,"Everyday Checking ****2210"
2025-11-27,"GREENFIELD MARKET",-63.17,USD,"Everyday Checking ****2210"
2025-11-28,"BLUE HERON COFFEE",-8.87,USD,"Everyday Checking ****2210"
2025-11-28,"SWIFTCAB *TRIP",-8.75,USD,"Everyday Checking ****2210"
2025-11-29,"RAILLINK INTERCITY",-4.51,USD,"Everyday Checking ****2210"
2025-11-30,"METROCARD RELOAD",-15.78,USD,"Everyday Checking ****2210"
2025-12-01,"SWIFTCAB *TRIP",-6.00,USD,"Everyday Checking ****2210"
2025-12-01,"RENT TRANSFER - J MOORE",-1850.00,USD,"Everyday Checking ****2210"
2025-12-01,"ROASTWORKS ESPRESSO",-6.35,USD,"Everyday Checking ****2210"
2025-12-01,"BLUE HERON COFFEE  1147",-6.48,USD,"Everyday Checking ****2210"
2025-12-02,"BLUE HERON COFFEE  1147",-6.97,USD,"Everyday Checking ****2210"
2025-12-02,"ZENFLOW YOGA STUDIO",-129.00,USD,"Everyday Checking ****2210"
2025-12-02,"METROCARD RELOAD",-3.90,USD,"Everyday Checking ****2210"
2025-12-02,"NOODLE YARD",-38.28,USD,"Everyday Checking ****2210"
2025-12-03,"SWIFTCAB *TRIP",-9.17,USD,"Everyday Checking ****2210"
2025-12-03,"NOODLEYARD ONLINE",-20.99,USD,"Everyday Checking ****2210"
2025-12-03,"BLUE HERON COFFEE",-8.17,USD,"Everyday Checking ****2210"
2025-12-03,"GREENFIELD MARKET",-89.07,USD,"Everyday Checking ****2210"
2025-12-03,"NORDVELL HOME",-56.13,USD,"Horizon Rewards Card ****4417"
2025-12-04,"METROCARD RELOAD",-7.36,USD,"Everyday Checking ****2210"
2025-12-04,"STREAMLY.COM",-15.99,USD,"Everyday Checking ****2210"
2025-12-05,"SWIFT CAB",-13.19,USD,"Everyday Checking ****2210"
2025-12-05,"PANTRY EXPRESS",-37.43,USD,"Everyday Checking ****2210"
2025-12-06,"PANTRY EXPRESS",-102.86,USD,"Everyday Checking ****2210"
2025-12-06,"BLUEHERON COFFEE #1147",-7.61,USD,"Everyday Checking ****2210"
2025-12-06,"TAKO STREET KITCHEN",-73.67,USD,"Horizon Rewards Card ****4417"
2025-12-06,"NOODLE YARD",-41.17,USD,"Everyday Checking ****2210"
2025-12-06,"RAILLINK INTERCITY",-5.04,USD,"Everyday Checking ****2210"
2025-12-07,"BLUEHERON COFFEE #1147",-6.68,USD,"Everyday Checking ****2210"
2025-12-07,"SWIFT CAB",-7.45,USD,"Everyday Checking ****2210"
2025-12-08,"METROCARD RELOAD",-9.42,USD,"Everyday Checking ****2210"
2025-12-08,"MORNING SPOON CAFE",-7.53,USD,"Everyday Checking ****2210"
2025-12-08,"SILVER FORK BISTRO",-46.09,USD,"Everyday Checking ****2210"
2025-12-09,"RAILLINK INTERCITY",-8.86,USD,"Everyday Checking ****2210"
2025-12-09,"VAULTBACK PRO ANNUALSAVE",-9.99,USD,"Horizon Rewards Card ****4417"
2025-12-09,"BLUE HERON COFFEE  1147",-5.25,USD,"Everyday Checking ****2210"
2025-12-10,"SILVER FORK BISTRO",-38.34,USD,"Everyday Checking ****2210"
2025-12-11,"BENTO BOX EXPRESS",-23.79,USD,"Everyday Checking ****2210"
2025-12-11,"TUNEBOX PREMIUM",-10.99,USD,"Everyday Checking ****2210"
2025-12-11,"SWIFTCAB *TRIP",-2.81,USD,"Everyday Checking ****2210"
2025-12-12,"SWIFT CAB",-9.66,USD,"Everyday Checking ****2210"
2025-12-12,"BLUEHERON COFFEE #1147",-4.13,USD,"Everyday Checking ****2210"
2025-12-13,"PIZZA CANTINA",-39.23,USD,"Everyday Checking ****2210"
2025-12-13,"BLUE HERON COFFEE",-4.57,USD,"Everyday Checking ****2210"
2025-12-14,"METROCARD RELOAD",-8.51,USD,"Everyday Checking ****2210"
2025-12-14,"NORTHGATE GROCERS",-129.06,USD,"Everyday Checking ****2210"
2025-12-15,"CITY POWER AND LIGHT",-98.44,USD,"Everyday Checking ****2210"
2025-12-16,"PANTRY EXPRESS",-34.42,USD,"Everyday Checking ****2210"
2025-12-16,"ROASTWORKS ESPRESSO",-4.77,USD,"Everyday Checking ****2210"
2025-12-16,"SWIFT CAB",-13.03,USD,"Everyday Checking ****2210"
2025-12-16,"TELCONNECT MOBILE",-54.00,USD,"Everyday Checking ****2210"
2025-12-16,"TAKO STREET KITCHEN",-42.86,USD,"Everyday Checking ****2210"
2025-12-17,"METRO TRANSIT CARD",-13.47,USD,"Everyday Checking ****2210"
2025-12-17,"NOODLEYARD ONLINE",-19.36,USD,"Everyday Checking ****2210"
2025-12-17,"CLOUDNEST STORAGE 200GB",-2.99,USD,"Everyday Checking ****2210"
2025-12-17,"ROASTWORKS ESPRESSO",-7.60,USD,"Everyday Checking ****2210"
2025-12-18,"BLUEHERON COFFEE #1147",-5.46,USD,"Everyday Checking ****2210"
2025-12-18,"RAILLINK INTERCITY",-13.26,USD,"Everyday Checking ****2210"
2025-12-18,"BENTO BOX EXPRESS",-46.80,USD,"Everyday Checking ****2210"
2025-12-19,"RAILLINK INTERCITY",-6.37,USD,"Everyday Checking ****2210"
2025-12-19,"BLUE HERON COFFEE",-3.43,USD,"Everyday Checking ****2210"
2025-12-19,"NORTHGATE GROCERS",-43.94,USD,"Everyday Checking ****2210"
2025-12-20,"BLUE HERON COFFEE",-7.16,USD,"Everyday Checking ****2210"
2025-12-20,"NOODLEYARD ONLINE",-23.82,USD,"Everyday Checking ****2210"
2025-12-21,"PRIMEBOX MEMBERSHIP",-8.99,USD,"Everyday Checking ****2210"
2025-12-21,"METROCARD RELOAD",-5.15,USD,"Everyday Checking ****2210"
2025-12-22,"SWIFTCAB *TRIP",-7.78,USD,"Everyday Checking ****2210"
2025-12-22,"ROASTWORKS ESPRESSO",-5.65,USD,"Everyday Checking ****2210"
2025-12-23,"BLUE HERON COFFEE",-5.09,USD,"Everyday Checking ****2210"
2025-12-23,"NORTHGATE GROCERS",-69.19,USD,"Everyday Checking ****2210"
2025-12-23,"ROASTWORKS ESPRESSO",-3.89,USD,"Everyday Checking ****2210"
2025-12-23,"SILVER FORK BISTRO",-46.19,USD,"Everyday Checking ****2210"
2025-12-23,"METRO TRANSIT CARD",-7.82,USD,"Everyday Checking ****2210"
2025-12-24,"DEVFORGE COPILOT",-10.00,USD,"Everyday Checking ****2210"
2025-12-24,"GREENFIELD MARKET",-412.00,USD,"Everyday Checking ****2210"
2025-12-24,"METRO TRANSIT CARD",-14.34,USD,"Everyday Checking ****2210"
2025-12-24,"PANTRY EXPRESS",-78.42,USD,"Everyday Checking ****2210"
2025-12-25,"SILVER FORK BISTRO",-22.76,USD,"Everyday Checking ****2210"
2025-12-25,"ROASTWORKS ESPRESSO",-8.37,USD,"Everyday Checking ****2210"
2025-12-25,"METRO TRANSIT CARD",-12.62,USD,"Everyday Checking ****2210"
2025-12-25,"MERIDIAN SOFTWARE LTD PAYROLL",4850.00,USD,"Everyday Checking ****2210"
2025-12-26,"BLUE HERON COFFEE  1147",-4.21,USD,"Everyday Checking ****2210"
2025-12-26,"BLUE HERON COFFEE  1147",-5.65,USD,"Everyday Checking ****2210"
2025-12-26,"RAILLINK INTERCITY",-13.06,USD,"Everyday Checking ****2210"
2025-12-28,"BENTO BOX EXPRESS",-37.48,USD,"Everyday Checking ****2210"
2025-12-28,"GREENFIELD MKT #214",-48.81,USD,"Everyday Checking ****2210"
2025-12-28,"ROASTWORKS ESPRESSO",-4.02,USD,"Everyday Checking ****2210"
2025-12-29,"SWIFT CAB",-13.40,USD,"Everyday Checking ****2210"
2025-12-29,"NOODLEYARD ONLINE",-12.49,USD,"Everyday Checking ****2210"
2025-12-30,"SWIFT CAB",-11.28,USD,"Everyday Checking ****2210"
2025-12-30,"NORDVELL HOME",-78.49,USD,"Horizon Rewards Card ****4417"
2025-12-31,"BLUE HERON COFFEE  1147",-7.76,USD,"Everyday Checking ****2210"
2025-12-31,"SWIFT CAB",-5.12,USD,"Everyday Checking ****2210"
2026-01-01,"SWIFTCAB *TRIP",-8.39,USD,"Everyday Checking ****2210"
2026-01-01,"RENT TRANSFER - J MOORE",-1850.00,USD,"Everyday Checking ****2210"
2026-01-02,"Greenfield Market - Elm St",-89.80,USD,"Everyday Checking ****2210"
2026-01-02,"METRO TRANSIT CARD",-12.60,USD,"Everyday Checking ****2210"
2026-01-02,"ZENFLOW YOGA STUDIO",-129.00,USD,"Everyday Checking ****2210"
2026-01-02,"MORNING SPOON CAFE",-4.30,USD,"Everyday Checking ****2210"
2026-01-03,"MORNING SPOON CAFE",-6.74,USD,"Everyday Checking ****2210"
2026-01-03,"SWIFTCAB *TRIP",-3.83,USD,"Everyday Checking ****2210"
2026-01-03,"NOODLEYARD ONLINE",-12.03,USD,"Everyday Checking ****2210"
2026-01-04,"MORNING SPOON CAFE",-3.96,USD,"Everyday Checking ****2210"
2026-01-04,"BENTO BOX EXPRESS",-16.67,USD,"Everyday Checking ****2210"
2026-01-04,"STREAMLY.COM",-15.99,USD,"Everyday Checking ****2210"
2026-01-04,"GREENFIELD MARKET",-87.93,USD,"Everyday Checking ****2210"
2026-01-04,"BLUE HERON COFFEE  1147",-7.47,USD,"Everyday Checking ****2210"
2026-01-04,"RAILLINK INTERCITY",-8.91,USD,"Everyday Checking ****2210"
2026-01-05,"SWIFTCAB *TRIP",-5.69,USD,"Everyday Checking ****2210"
2026-01-05,"ROASTWORKS ESPRESSO",-7.73,USD,"Everyday Checking ****2210"
2026-01-06,"BLUEHERON COFFEE #1147",-5.24,USD,"Everyday Checking ****2210"
2026-01-06,"PIXEL AND PAPER",-177.37,USD,"Horizon Rewards Card ****4417"
2026-01-06,"BENTO BOX EXPRESS",-12.68,USD,"Everyday Checking ****2210"
2026-01-06,"BLUEHERON COFFEE #1147",-8.50,USD,"Everyday Checking ****2210"
2026-01-06,"METROCARD RELOAD",-4.54,USD,"Everyday Checking ****2210"
2026-01-07,"Greenfield Market - Elm St",-50.37,USD,"Everyday Checking ****2210"
2026-01-08,"BLUE HERON COFFEE  1147",-6.71,USD,"Everyday Checking ****2210"
2026-01-09,"BENTO BOX EXPRESS",-22.93,USD,"Everyday Checking ****2210"
2026-01-09,"VAULTBACK PRO ANNUALSAVE",-9.99,USD,"Horizon Rewards Card ****4417"
2026-01-10,"GOODHEALTH PHARMACY",-19.55,USD,"Horizon Rewards Card ****4417"
2026-01-10,"BLUE HERON COFFEE  1147",-6.82,USD,"Everyday Checking ****2210"
2026-01-10,"URBAN THREAD ONLINE",-207.67,USD,"Horizon Rewards Card ****4417"
2026-01-10,"METROCARD RELOAD",-15.96,USD,"Everyday Checking ****2210"
2026-01-11,"MORNING SPOON CAFE",-8.57,USD,"Everyday Checking ****2210"
2026-01-11,"GREENFIELD MARKET",-54.94,USD,"Everyday Checking ****2210"
2026-01-11,"TUNEBOX PREMIUM",-10.99,USD,"Everyday Checking ****2210"
2026-01-12,"NORTHGATE GROCERS",-39.86,USD,"Everyday Checking ****2210"
2026-01-12,"METRO TRANSIT CARD",-5.54,USD,"Everyday Checking ****2210"
2026-01-14,"METROCARD RELOAD",-14.49,USD,"Everyday Checking ****2210"
2026-01-15,"AQUAWORKS WATER BOARD",-73.02,USD,"Everyday Checking ****2210"
2026-01-15,"BENTO BOX EXPRESS",-47.84,USD,"Everyday Checking ****2210"
2026-01-15,"Greenfield Market - Elm St",-95.55,USD,"Everyday Checking ****2210"
2026-01-15,"METROCARD RELOAD",-2.77,USD,"Everyday Checking ****2210"
2026-01-15,"URBANTHREAD",-201.53,USD,"Horizon Rewards Card ****4417"
2026-01-16,"MORNING SPOON CAFE",-4.47,USD,"Everyday Checking ****2210"
2026-01-16,"TELCONNECT MOBILE",-54.00,USD,"Everyday Checking ****2210"
2026-01-16,"METROCARD RELOAD",-16.00,USD,"Everyday Checking ****2210"
2026-01-16,"Greenfield Market - Elm St",-25.16,USD,"Everyday Checking ****2210"
2026-01-17,"METRO TRANSIT CARD",-8.94,USD,"Everyday Checking ****2210"
2026-01-17,"CLOUDNEST STORAGE 200GB",-2.99,USD,"Everyday Checking ****2210"
2026-01-18,"BLUE HERON COFFEE  1147",-6.37,USD,"Everyday Checking ****2210"
2026-01-18,"SWIFTCAB *TRIP",-15.86,USD,"Everyday Checking ****2210"
2026-01-18,"BLUE HERON COFFEE  1147",-8.82,USD,"Everyday Checking ****2210"
2026-01-19,"PANTRY EXPRESS",-92.57,USD,"Everyday Checking ****2210"
2026-01-20,"TAKO STREET KITCHEN",-42.77,USD,"Everyday Checking ****2210"
2026-01-21,"PRIMEBOX MEMBERSHIP",-8.99,USD,"Everyday Checking ****2210"
2026-01-21,"NOODLEYARD ONLINE",-17.86,USD,"Everyday Checking ****2210"
2026-01-22,"BLUE HERON COFFEE  1147",-4.91,USD,"Everyday Checking ****2210"
2026-01-22,"METRO TRANSIT CARD",-4.04,USD,"Everyday Checking ****2210"
2026-01-23,"SWIFT CAB",-12.06,USD,"Everyday Checking ****2210"
2026-01-24,"BENTO BOX EXPRESS",-46.91,USD,"Horizon Rewards Card ****4417"
2026-01-24,"ROASTWORKS ESPRESSO",-3.80,USD,"Everyday Checking ****2210"
2026-01-24,"MORNING SPOON CAFE",-4.58,USD,"Everyday Checking ****2210"
2026-01-24,"DEVFORGE COPILOT",-10.00,USD,"Everyday Checking ****2210"
2026-01-25,"BLUEHERON COFFEE #1147",-7.49,USD,"Everyday Checking ****2210"
2026-01-25,"MERIDIAN SOFTWARE LTD PAYROLL",4850.00,USD,"Everyday Checking ****2210"
2026-01-25,"RAILLINK INTERCITY",-6.74,USD,"Everyday Checking ****2210"
2026-01-26,"BLUE HERON COFFEE  1147",-4.96,USD,"Everyday Checking ****2210"
2026-01-26,"METROCARD RELOAD",-15.94,USD,"Everyday Checking ****2210"
2026-01-26,"TAKO STREET KITCHEN",-45.64,USD,"Everyday Checking ****2210"
2026-01-27,"METRO TRANSIT CARD",-5.59,USD,"Everyday Checking ****2210"
2026-01-28,"ELM STREET CLINIC",-60.26,USD,"Horizon Rewards Card ****4417"
2026-01-28,"NOODLE YARD",-17.33,USD,"Everyday Checking ****2210"
2026-01-28,"BLUE HERON COFFEE",-6.45,USD,"Everyday Checking ****2210"
2026-01-29,"RAILLINK INTERCITY",-12.26,USD,"Everyday Checking ****2210"
2026-01-30,"RAILLINK INTERCITY",-13.90,USD,"Everyday Checking ****2210"
2026-01-30,"GREENFIELD MARKET",-24.42,USD,"Everyday Checking ****2210"
2026-01-31,"ROASTWORKS ESPRESSO",-6.69,USD,"Everyday Checking ****2210"
2026-01-31,"TAKO STREET KITCHEN",-85.09,USD,"Horizon Rewards Card ****4417"
2026-01-31,"RAILLINK INTERCITY",-15.08,USD,"Everyday Checking ****2210"
2026-01-31,"BLUE HERON COFFEE  1147",-4.28,USD,"Everyday Checking ****2210"
2026-01-31,"NOODLEYARD ONLINE",-21.76,USD,"Everyday Checking ****2210"
2026-02-01,"RENT TRANSFER - J MOORE",-1850.00,USD,"Everyday Checking ****2210"
2026-02-01,"Greenfield Market - Elm St",-130.42,USD,"Everyday Checking ****2210"
2026-02-01,"SWIFT CAB",-9.63,USD,"Everyday Checking ****2210"
2026-02-02,"ZENFLOW YOGA STUDIO",-129.00,USD,"Everyday Checking ****2210"
2026-02-02,"MORNING SPOON CAFE",-5.44,USD,"Everyday Checking ****2210"
2026-02-02,"NORTHGATE GROCERS",-68.91,USD,"Everyday Checking ****2210"
2026-02-02,"BLUE HERON COFFEE",-4.39,USD,"Everyday Checking ****2210"
2026-02-03,"METROCARD RELOAD",-6.60,USD,"Everyday Checking ****2210"
2026-02-03,"PIZZA CANTINA",-35.59,USD,"Everyday Checking ****2210"
2026-02-04,"STREAMLY.COM",-15.99,USD,"Everyday Checking ****2210"
2026-02-04,"BLUE HERON COFFEE",-5.79,USD,"Everyday Checking ****2210"
2026-02-04,"SWIFT CAB",-14.71,USD,"Everyday Checking ****2210"
2026-02-04,"PANTRY EXPRESS",-108.77,USD,"Everyday Checking ****2210"
2026-02-05,"RAILLINK INTERCITY",-6.61,USD,"Everyday Checking ****2210"
2026-02-05,"MORNING SPOON CAFE",-4.54,USD,"Everyday Checking ****2210"
2026-02-05,"SILVER FORK BISTRO",-26.38,USD,"Everyday Checking ****2210"
2026-02-06,"METRO TRANSIT CARD",-11.33,USD,"Everyday Checking ****2210"
2026-02-06,"MORNING SPOON CAFE",-8.69,USD,"Everyday Checking ****2210"
2026-02-07,"BLUEHERON COFFEE #1147",-7.62,USD,"Everyday Checking ****2210"
2026-02-07,"PANTRY EXPRESS",-58.78,USD,"Everyday Checking ****2210"
2026-02-07,"BENTO BOX EXPRESS",-93.89,USD,"Horizon Rewards Card ****4417"
2026-02-07,"TAKO STREET KITCHEN",-40.89,USD,"Everyday Checking ****2210"
2026-02-07,"SWIFT CAB",-5.66,USD,"Everyday Checking ****2210"
2026-02-08,"PIZZA CANTINA",-40.82,USD,"Everyday Checking ****2210"
2026-02-08,"SWIFTCAB *TRIP",-4.82,USD,"Everyday Checking ****2210"
2026-02-08,"MORNING SPOON CAFE",-8.64,USD,"Everyday Checking ****2210"
2026-02-08,"BLUEHERON COFFEE #1147",-5.33,USD,"Everyday Checking ****2210"
2026-02-09,"RAILLINK INTERCITY",-7.80,USD,"Everyday Checking ****2210"
2026-02-09,"NORTHGATE GROCERS",-68.10,USD,"Everyday Checking ****2210"
2026-02-09,"BLUE HERON COFFEE  1147",-5.31,USD,"Everyday Checking ****2210"
2026-02-09,"VAULTBACK PRO ANNUALSAVE",-9.99,USD,"Horizon Rewards Card ****4417"
2026-02-09,"BLUE HERON COFFEE  1147",-6.23,USD,"Everyday Checking ****2210"
2026-02-10,"Greenfield Market - Elm St",-97.52,USD,"Everyday Checking ****2210"
2026-02-10,"TAKO STREET KITCHEN",-14.69,USD,"Everyday Checking ****2210"
2026-02-11,"DAILYGOODS DEPOT",-71.02,USD,"Horizon Rewards Card ****4417"
2026-02-11,"BLUE HERON COFFEE",-4.87,USD,"Everyday Checking ****2210"
2026-02-11,"TUNEBOX PREMIUM",-10.99,USD,"Everyday Checking ****2210"
2026-02-11,"PIZZA CANTINA",-28.26,USD,"Everyday Checking ****2210"
2026-02-12,"TAKO STREET KITCHEN",-29.08,USD,"Everyday Checking ****2210"
2026-02-12,"Greenfield Market - Elm St",-23.51,USD,"Everyday Checking ****2210"
2026-02-12,"METROCARD RELOAD",-11.38,USD,"Everyday Checking ****2210"
2026-02-13,"BLUEHERON COFFEE #1147",-5.40,USD,"Everyday Checking ****2210"
2026-02-13,"SILVER FORK BISTRO",-32.98,USD,"Everyday Checking ****2210"
2026-02-13,"GREENFIELD MARKET",-64.00,USD,"Everyday Checking ****2210"
2026-02-14,"BLUE HERON COFFEE  1147",-4.00,USD,"Everyday Checking ****2210"
2026-02-14,"PIZZA CANTINA",-46.17,USD,"Everyday Checking ****2210"
2026-02-14,"ROASTWORKS ESPRESSO",-8.51,USD,"Everyday Checking ****2210"
2026-02-15,"NORTHGATE GROCERS",-102.28,USD,"Everyday Checking ****2210"
2026-02-15,"SWIFTCAB *TRIP",-11.74,USD,"Everyday Checking ****2210"
2026-02-15,"BLUE HERON COFFEE",-4.01,USD,"Everyday Checking ****2210"
2026-02-15,"BLUE HERON COFFEE  1147",-5.93,USD,"Everyday Checking ****2210"
2026-02-15,"CITY POWER AND LIGHT",-62.50,USD,"Everyday Checking ****2210"
2026-02-16,"BLUEHERON COFFEE #1147",-5.13,USD,"Everyday Checking ****2210"
2026-02-16,"TELCONNECT MOBILE",-54.00,USD,"Everyday Checking ****2210"
2026-02-16,"BENTO BOX EXPRESS",-35.79,USD,"Everyday Checking ****2210"
2026-02-16,"SWIFT CAB",-5.88,USD,"Everyday Checking ****2210"
2026-02-17,"MORNING SPOON CAFE",-5.35,USD,"Everyday Checking ****2210"
2026-02-17,"BLUE HERON COFFEE",-9.13,USD,"Everyday Checking ****2210"
2026-02-17,"SWIFTCAB *TRIP",-13.22,USD,"Everyday Checking ****2210"
2026-02-17,"CLOUDNEST STORAGE 200GB",-2.99,USD,"Everyday Checking ****2210"
2026-02-18,"METRO TRANSIT CARD",-13.90,USD,"Everyday Checking ****2210"
2026-02-18,"BENTO BOX EXPRESS",-23.69,USD,"Everyday Checking ****2210"
2026-02-18,"Greenfield Market - Elm St",-109.47,USD,"Everyday Checking ****2210"
2026-02-20,"SWIFTCAB *TRIP",-3.92,USD,"Everyday Checking ****2210"
2026-02-20,"BLUE HERON COFFEE",-7.69,USD,"Everyday Checking ****2210"
2026-02-20,"MORNING SPOON CAFE",-7.09,USD,"Everyday Checking ****2210"
2026-02-20,"DAILYGOODS DEPOT",-19.24,USD,"Horizon Rewards Card ****4417"
2026-02-21,"MORNING SPOON CAFE",-4.10,USD,"Everyday Checking ****2210"
2026-02-21,"GREENFIELD MARKET",-90.00,USD,"Everyday Checking ****2210"
2026-02-21,"PRIMEBOX MEMBERSHIP",-8.99,USD,"Everyday Checking ****2210"
2026-02-21,"BLUE HERON COFFEE  1147",-8.83,USD,"Everyday Checking ****2210"
2026-02-21,"BENTO BOX EXPRESS",-33.38,USD,"Everyday Checking ****2210"
2026-02-22,"URBAN THREAD ONLINE",-192.18,USD,"Horizon Rewards Card ****4417"
2026-02-22,"GREENFIELD MARKET",-123.29,USD,"Everyday Checking ****2210"
2026-02-23,"MORNING SPOON CAFE",-5.20,USD,"Everyday Checking ****2210"
2026-02-23,"METRO TRANSIT CARD",-10.23,USD,"Everyday Checking ****2210"
2026-02-24,"BLUE HERON COFFEE  1147",-4.84,USD,"Everyday Checking ****2210"
2026-02-24,"TAKO STREET KITCHEN",-27.66,USD,"Everyday Checking ****2210"
2026-02-24,"DEVFORGE COPILOT",-10.00,USD,"Everyday Checking ****2210"
2026-02-25,"BLUE HERON COFFEE  1147",-3.78,USD,"Everyday Checking ****2210"
2026-02-25,"MERIDIAN SOFTWARE LTD PAYROLL",4850.00,USD,"Everyday Checking ****2210"
2026-02-25,"ROASTWORKS ESPRESSO",-3.99,USD,"Everyday Checking ****2210"
2026-02-25,"NOODLE YARD",-27.44,USD,"Everyday Checking ****2210"
2026-02-26,"SWIFTCAB *TRIP",-15.13,USD,"Everyday Checking ****2210"
2026-02-26,"URBAN THREAD ONLINE",-172.31,USD,"Horizon Rewards Card ****4417"
2026-02-26,"ROASTWORKS ESPRESSO",-3.52,USD,"Everyday Checking ****2210"
2026-02-27,"METRO TRANSIT CARD",-13.11,USD,"Everyday Checking ****2210"
2026-02-27,"GREENFIELD MKT #214",-131.77,USD,"Everyday Checking ****2210"
2026-02-28,"ROASTWORKS ESPRESSO",-4.94,USD,"Everyday Checking ****2210"
2026-02-28,"GREENFIELD MARKET",-21.00,USD,"Everyday Checking ****2210"
2026-02-28,"URBANTHREAD",-138.83,USD,"Horizon Rewards Card ****4417"
2026-03-01,"RENT TRANSFER - J MOORE",-1850.00,USD,"Everyday Checking ****2210"
2026-03-01,"ROASTWORKS ESPRESSO",-6.30,USD,"Everyday Checking ****2210"
2026-03-01,"SILVER FORK BISTRO",-24.51,USD,"Everyday Checking ****2210"
2026-03-01,"ROASTWORKS ESPRESSO",-8.37,USD,"Everyday Checking ****2210"
2026-03-02,"ZENFLOW YOGA STUDIO",-129.00,USD,"Everyday Checking ****2210"
2026-03-03,"SILVER FORK BISTRO",-47.47,USD,"Everyday Checking ****2210"
2026-03-03,"NORTHGATE GROCERS",-109.86,USD,"Everyday Checking ****2210"
2026-03-03,"BLUE HERON COFFEE",-8.83,USD,"Everyday Checking ****2210"
2026-03-04,"METROCARD RELOAD",-9.40,USD,"Everyday Checking ****2210"
2026-03-04,"ROASTWORKS ESPRESSO",-4.46,USD,"Everyday Checking ****2210"
2026-03-04,"STREAMLY.COM",-18.99,USD,"Everyday Checking ****2210"
2026-03-04,"PANTRY EXPRESS",-57.27,USD,"Everyday Checking ****2210"
2026-03-05,"URBAN THREAD ONLINE",-168.63,USD,"Horizon Rewards Card ****4417"
2026-03-05,"PIZZA CANTINA",-13.89,USD,"Everyday Checking ****2210"
2026-03-05,"METRO TRANSIT CARD",-11.64,USD,"Everyday Checking ****2210"
2026-03-06,"GREENFIELD MARKET",-124.70,USD,"Everyday Checking ****2210"
2026-03-06,"BLUE HERON COFFEE",-6.54,USD,"Everyday Checking ****2210"
2026-03-06,"METRO TRANSIT CARD",-8.66,USD,"Everyday Checking ****2210"
2026-03-07,"METROCARD RELOAD",-7.61,USD,"Everyday Checking ****2210"
2026-03-07,"NOODLEYARD ONLINE",-35.33,USD,"Horizon Rewards Card ****4417"
2026-03-08,"PANTRY EXPRESS",-122.54,USD,"Everyday Checking ****2210"
2026-03-08,"METROCARD RELOAD",-2.81,USD,"Everyday Checking ****2210"
2026-03-09,"MORNING SPOON CAFE",-3.65,USD,"Everyday Checking ****2210"
2026-03-09,"SWIFTCAB *TRIP",-16.30,USD,"Everyday Checking ****2210"
2026-03-09,"BLUE HERON COFFEE",-7.13,USD,"Everyday Checking ****2210"
2026-03-09,"VAULTBACK PRO ANNUALSAVE",-9.99,USD,"Horizon Rewards Card ****4417"
2026-03-09,"PANTRY EXPRESS",-79.95,USD,"Everyday Checking ****2210"
2026-03-10,"NOODLE YARD",-25.89,USD,"Everyday Checking ****2210"
2026-03-10,"GREENFIELD MKT #214",-113.22,USD,"Everyday Checking ****2210"
2026-03-11,"TUNEBOX PREMIUM",-10.99,USD,"Everyday Checking ****2210"
2026-03-11,"METROCARD RELOAD",-12.88,USD,"Everyday Checking ****2210"
2026-03-12,"SILVER FORK BISTRO",-42.19,USD,"Everyday Checking ****2210"
2026-03-12,"MORNING SPOON CAFE",-8.76,USD,"Everyday Checking ****2210"
2026-03-13,"BLUEHERON COFFEE #1147",-5.44,USD,"Everyday Checking ****2210"
2026-03-13,"PIZZA CANTINA",-12.73,USD,"Everyday Checking ****2210"
2026-03-14,"RAILLINK INTERCITY",-15.20,USD,"Everyday Checking ****2210"
2026-03-14,"URBANTHREAD",-128.00,USD,"Horizon Rewards Card ****4417"
2026-03-14,"URBANTHREAD",-128.00,USD,"Horizon Rewards Card ****4417"
2026-03-15,"MORNING SPOON CAFE",-7.88,USD,"Everyday Checking ****2210"
2026-03-15,"NORTHERN GAS UTILITY",-126.07,USD,"Everyday Checking ****2210"
2026-03-15,"GREENFIELD MKT #214",-103.21,USD,"Everyday Checking ****2210"
2026-03-15,"NOODLE YARD",-11.43,USD,"Everyday Checking ****2210"
2026-03-15,"SWIFTCAB *TRIP",-11.80,USD,"Everyday Checking ****2210"
2026-03-16,"TELCONNECT MOBILE",-54.00,USD,"Everyday Checking ****2210"
2026-03-16,"METROCARD RELOAD",-12.44,USD,"Everyday Checking ****2210"
2026-03-17,"TAKO STREET KITCHEN",-41.43,USD,"Everyday Checking ****2210"
2026-03-17,"CLOUDNEST STORAGE 200GB",-2.99,USD,"Everyday Checking ****2210"
2026-03-17,"BLUE HERON COFFEE  1147",-5.44,USD,"Everyday Checking ****2210"
2026-03-19,"BLUEHERON COFFEE #1147",-4.18,USD,"Everyday Checking ****2210"
2026-03-19,"BLUE HERON COFFEE",-7.95,USD,"Everyday Checking ****2210"
2026-03-19,"METROCARD RELOAD",-12.96,USD,"Everyday Checking ****2210"
2026-03-20,"NORTHGATE GROCERS",-127.39,USD,"Everyday Checking ****2210"
2026-03-20,"METRO TRANSIT CARD",-8.15,USD,"Everyday Checking ****2210"
2026-03-20,"URBANTHREAD REFUND",128.00,USD,"Horizon Rewards Card ****4417"
2026-03-20,"BLUE HERON COFFEE  1147",-8.10,USD,"Everyday Checking ****2210"
2026-03-21,"PRIMEBOX MEMBERSHIP",-8.99,USD,"Everyday Checking ****2210"
2026-03-21,"URBANTHREAD",-144.78,USD,"Horizon Rewards Card ****4417"
2026-03-21,"RAILLINK INTERCITY",-11.36,USD,"Everyday Checking ****2210"
2026-03-22,"METROCARD RELOAD",-3.56,USD,"Everyday Checking ****2210"
2026-03-22,"ROASTWORKS ESPRESSO",-4.65,USD,"Everyday Checking ****2210"
2026-03-22,"NOODLE YARD",-23.74,USD,"Everyday Checking ****2210"
2026-03-22,"BLUE HERON COFFEE  1147",-5.33,USD,"Everyday Checking ****2210"
2026-03-23,"SWIFTCAB *TRIP",-6.57,USD,"Everyday Checking ****2210"
2026-03-23,"URBANTHREAD",-171.20,USD,"Horizon Rewards Card ****4417"
2026-03-24,"SWIFTCAB *TRIP",-8.62,USD,"Everyday Checking ****2210"
2026-03-24,"ROASTWORKS ESPRESSO",-6.90,USD,"Everyday Checking ****2210"
2026-03-24,"BLUEHERON COFFEE #1147",-7.26,USD,"Everyday Checking ****2210"
2026-03-24,"DEVFORGE COPILOT",-10.00,USD,"Everyday Checking ****2210"
2026-03-25,"METRO TRANSIT CARD",-16.00,USD,"Everyday Checking ****2210"
2026-03-25,"ROASTWORKS ESPRESSO",-4.89,USD,"Everyday Checking ****2210"
2026-03-25,"MERIDIAN SOFTWARE LTD PAYROLL",4850.00,USD,"Everyday Checking ****2210"
2026-03-25,"ROASTWORKS ESPRESSO",-8.18,USD,"Everyday Checking ****2210"
2026-03-26,"MORNING SPOON CAFE",-8.89,USD,"Everyday Checking ****2210"
2026-03-26,"TAKO STREET KITCHEN",-35.02,USD,"Everyday Checking ****2210"
2026-03-26,"METRO TRANSIT CARD",-10.33,USD,"Everyday Checking ****2210"
2026-03-27,"BENTO BOX EXPRESS",-45.49,USD,"Everyday Checking ****2210"
2026-03-27,"MORNING SPOON CAFE",-5.64,USD,"Everyday Checking ****2210"
2026-03-27,"URBANTHREAD",-84.63,USD,"Horizon Rewards Card ****4417"
2026-03-29,"BLUEHERON COFFEE #1147",-3.60,USD,"Everyday Checking ****2210"
2026-03-29,"NOODLEYARD ONLINE",-22.14,USD,"Everyday Checking ****2210"
2026-03-29,"ROASTWORKS ESPRESSO",-3.73,USD,"Everyday Checking ****2210"
2026-03-29,"Greenfield Market - Elm St",-77.05,USD,"Everyday Checking ****2210"
2026-03-30,"TAKO STREET KITCHEN",-29.74,USD,"Everyday Checking ****2210"
2026-03-30,"BLUE HERON COFFEE",-9.12,USD,"Everyday Checking ****2210"
2026-03-31,"Greenfield Market - Elm St",-124.34,USD,"Everyday Checking ****2210"
2026-04-01,"METROCARD RELOAD",-5.77,USD,"Everyday Checking ****2210"
2026-04-01,"RENT TRANSFER - J MOORE",-1850.00,USD,"Everyday Checking ****2210"
2026-04-02,"BLUE HERON COFFEE",-5.90,USD,"Everyday Checking ****2210"
2026-04-02,"ZENFLOW YOGA STUDIO",-129.00,USD,"Everyday Checking ****2210"
2026-04-02,"SWIFTCAB *TRIP",-9.83,USD,"Everyday Checking ****2210"
2026-04-02,"GREENFIELD MARKET",-36.76,USD,"Everyday Checking ****2210"
2026-04-02,"ROASTWORKS ESPRESSO",-7.51,USD,"Everyday Checking ****2210"
2026-04-03,"MORNING SPOON CAFE",-4.15,USD,"Everyday Checking ****2210"
2026-04-03,"BLUE HERON COFFEE",-7.64,USD,"Everyday Checking ****2210"
2026-04-04,"NOODLE YARD",-20.74,USD,"Everyday Checking ****2210"
2026-04-04,"BLUE HERON COFFEE",-4.01,USD,"Everyday Checking ****2210"
2026-04-04,"METRO TRANSIT CARD",-15.23,USD,"Everyday Checking ****2210"
2026-04-04,"STREAMLY.COM",-18.99,USD,"Everyday Checking ****2210"
2026-04-06,"ROASTWORKS ESPRESSO",-8.53,USD,"Everyday Checking ****2210"
2026-04-06,"RAILLINK INTERCITY",-10.12,USD,"Everyday Checking ****2210"
2026-04-07,"METROCARD RELOAD",-8.08,USD,"Everyday Checking ****2210"
2026-04-07,"GREENFIELD MARKET",-54.06,USD,"Everyday Checking ****2210"
2026-04-07,"BENTO BOX EXPRESS",-30.06,USD,"Everyday Checking ****2210"
2026-04-08,"BENTO BOX EXPRESS",-32.82,USD,"Everyday Checking ****2210"
2026-04-08,"SWIFTCAB *TRIP",-7.69,USD,"Everyday Checking ****2210"
2026-04-08,"Greenfield Market - Elm St",-22.05,USD,"Everyday Checking ****2210"
2026-04-09,"NORTHGATE GROCERS",-93.50,USD,"Everyday Checking ****2210"
2026-04-09,"SILVER FORK BISTRO",-33.75,USD,"Everyday Checking ****2210"
2026-04-09,"VAULTBACK PRO ANNUALSAVE",-9.99,USD,"Horizon Rewards Card ****4417"
2026-04-09,"RAILLINK INTERCITY",-3.19,USD,"Everyday Checking ****2210"
2026-04-10,"PIZZA CANTINA",-14.35,USD,"Everyday Checking ****2210"
2026-04-11,"TUNEBOX PREMIUM",-10.99,USD,"Everyday Checking ****2210"
2026-04-11,"METRO TRANSIT CARD",-10.83,USD,"Everyday Checking ****2210"
2026-04-12,"SWIFT CAB",-4.81,USD,"Everyday Checking ****2210"
2026-04-12,"URBAN THREAD ONLINE",-154.06,USD,"Horizon Rewards Card ****4417"
2026-04-12,"Greenfield Market - Elm St",-97.50,USD,"Everyday Checking ****2210"
2026-04-12,"ROASTWORKS ESPRESSO",-4.00,USD,"Everyday Checking ****2210"
2026-04-13,"PANTRY EXPRESS",-87.19,USD,"Everyday Checking ****2210"
2026-04-14,"RAILLINK INTERCITY",-3.25,USD,"Everyday Checking ****2210"
2026-04-14,"PANTRY EXPRESS",-21.18,USD,"Everyday Checking ****2210"
2026-04-14,"BLUE HERON COFFEE",-8.67,USD,"Everyday Checking ****2210"
2026-04-14,"BENTO BOX EXPRESS",-22.17,USD,"Everyday Checking ****2210"
2026-04-15,"METRO TRANSIT CARD",-13.43,USD,"Everyday Checking ****2210"
2026-04-15,"SILVER FORK BISTRO",-18.27,USD,"Everyday Checking ****2210"
2026-04-15,"NORTHERN GAS UTILITY",-49.52,USD,"Everyday Checking ****2210"
2026-04-15,"URBAN THREAD ONLINE",-209.08,USD,"Horizon Rewards Card ****4417"
2026-04-15,"MORNING SPOON CAFE",-3.45,USD,"Everyday Checking ****2210"
2026-04-16,"TELCONNECT MOBILE",-54.00,USD,"Everyday Checking ****2210"
2026-04-16,"GREENFIELD MARKET",-59.04,USD,"Everyday Checking ****2210"
2026-04-17,"CLOUDNEST STORAGE 200GB",-2.99,USD,"Everyday Checking ****2210"
2026-04-17,"MORNING SPOON CAFE",-4.04,USD,"Everyday Checking ****2210"
2026-04-17,"MORNING SPOON CAFE",-6.00,USD,"Everyday Checking ****2210"
2026-04-17,"Greenfield Market - Elm St",-109.19,USD,"Everyday Checking ****2210"
2026-04-17,"BENTO BOX EXPRESS",-24.47,USD,"Everyday Checking ****2210"
2026-04-17,"RAILLINK INTERCITY",-10.15,USD,"Everyday Checking ****2210"
2026-04-18,"METROCARD RELOAD",-15.25,USD,"Everyday Checking ****2210"
2026-04-18,"Greenfield Market - Elm St",-49.06,USD,"Everyday Checking ****2210"
2026-04-18,"BENTO BOX EXPRESS",-23.30,USD,"Everyday Checking ****2210"
2026-04-19,"METRO TRANSIT CARD",-6.23,USD,"Everyday Checking ****2210"
2026-04-19,"BLUE HERON COFFEE",-5.71,USD,"Everyday Checking ****2210"
2026-04-19,"ROASTWORKS ESPRESSO",-9.14,USD,"Everyday Checking ****2210"
2026-04-20,"PIXEL AND PAPER",-161.78,USD,"Horizon Rewards Card ****4417"
2026-04-20,"ROASTWORKS ESPRESSO",-6.24,USD,"Everyday Checking ****2210"
2026-04-20,"SWIFT CAB",-14.69,USD,"Everyday Checking ****2210"
2026-04-20,"GREENFIELD MKT #214",-24.58,USD,"Everyday Checking ****2210"
2026-04-20,"NOODLEYARD ONLINE",-40.37,USD,"Everyday Checking ****2210"
2026-04-21,"BLUEHERON COFFEE #1147",-6.49,USD,"Everyday Checking ****2210"
2026-04-21,"PRIMEBOX MEMBERSHIP",-8.99,USD,"Everyday Checking ****2210"
2026-04-21,"PANTRY EXPRESS",-61.73,USD,"Everyday Checking ****2210"
2026-04-21,"SILVER FORK BISTRO",-38.90,USD,"Everyday Checking ****2210"
2026-04-22,"BENTO BOX EXPRESS",-37.40,USD,"Everyday Checking ****2210"
2026-04-22,"SWIFT CAB",-5.99,USD,"Everyday Checking ****2210"
2026-04-23,"BLUEHERON COFFEE #1147",-4.90,USD,"Everyday Checking ****2210"
2026-04-23,"BLUE HERON COFFEE  1147",-8.03,USD,"Everyday Checking ****2210"
2026-04-23,"METRO TRANSIT CARD",-5.66,USD,"Everyday Checking ****2210"
2026-04-24,"URBAN THREAD ONLINE",-61.50,USD,"Horizon Rewards Card ****4417"
2026-04-24,"DEVFORGE COPILOT",-10.00,USD,"Everyday Checking ****2210"
2026-04-25,"NOODLE YARD",-21.84,USD,"Everyday Checking ****2210"
2026-04-25,"MORNING SPOON CAFE",-8.33,USD,"Everyday Checking ****2210"
2026-04-25,"MERIDIAN SOFTWARE LTD PAYROLL",4850.00,USD,"Everyday Checking ****2210"
2026-04-25,"RAILLINK INTERCITY",-7.21,USD,"Everyday Checking ****2210"
2026-04-26,"URBANTHREAD",-150.08,USD,"Horizon Rewards Card ****4417"
2026-04-26,"SWIFTCAB *TRIP",-14.12,USD,"Everyday Checking ****2210"
2026-04-26,"MORNING SPOON CAFE",-4.53,USD,"Everyday Checking ****2210"
2026-04-26,"TAKO STREET KITCHEN",-39.27,USD,"Everyday Checking ****2210"
2026-04-26,"BLUE HERON COFFEE  1147",-8.47,USD,"Everyday Checking ****2210"
2026-04-28,"BLUE HERON COFFEE",-8.43,USD,"Everyday Checking ****2210"
2026-04-28,"NORTHGATE GROCERS",-102.25,USD,"Everyday Checking ****2210"
2026-04-28,"ROASTWORKS ESPRESSO",-8.74,USD,"Everyday Checking ****2210"
2026-04-28,"METRO TRANSIT CARD",-12.01,USD,"Everyday Checking ****2210"
2026-04-29,"SWIFT CAB",-9.25,USD,"Everyday Checking ****2210"
2026-04-29,"BLUEHERON COFFEE #1147",-8.07,USD,"Everyday Checking ****2210"
2026-04-29,"TAKO STREET KITCHEN",-44.50,USD,"Everyday Checking ****2210"
2026-04-30,"NOODLE YARD",-21.86,USD,"Everyday Checking ****2210"
2026-04-30,"METROCARD RELOAD",-11.94,USD,"Everyday Checking ****2210"
2026-05-01,"GREENFIELD MKT #214",-40.66,USD,"Everyday Checking ****2210"
2026-05-01,"BLUEHERON COFFEE #1147",-7.64,USD,"Everyday Checking ****2210"
2026-05-01,"PIZZA CANTINA",-43.02,USD,"Everyday Checking ****2210"
2026-05-01,"RENT TRANSFER - J MOORE",-1850.00,USD,"Everyday Checking ****2210"
2026-05-01,"RAILLINK INTERCITY",-15.88,USD,"Everyday Checking ****2210"
2026-05-02,"MORNING SPOON CAFE",-6.38,USD,"Everyday Checking ****2210"
2026-05-02,"SKYBRIDGE AIRWAYS",-1284.00,USD,"Horizon Rewards Card ****4417"
2026-05-02,"ZENFLOW YOGA STUDIO",-129.00,USD,"Everyday Checking ****2210"
2026-05-02,"PIXEL AND PAPER",-33.95,USD,"Horizon Rewards Card ****4417"
2026-05-02,"METROCARD RELOAD",-10.32,USD,"Everyday Checking ****2210"
2026-05-03,"STAYNEST.COM",-742.50,USD,"Horizon Rewards Card ****4417"
2026-05-03,"PANTRY EXPRESS",-127.46,USD,"Everyday Checking ****2210"
2026-05-03,"METROCARD RELOAD",-5.86,USD,"Everyday Checking ****2210"
2026-05-04,"METRO TRANSIT CARD",-14.01,USD,"Everyday Checking ****2210"
2026-05-04,"BLUEHERON COFFEE #1147",-5.98,USD,"Everyday Checking ****2210"
2026-05-04,"STREAMLY.COM",-18.99,USD,"Everyday Checking ****2210"
2026-05-05,"Greenfield Market - Elm St",-86.60,USD,"Everyday Checking ****2210"
2026-05-05,"BENTO BOX EXPRESS",-46.90,USD,"Everyday Checking ****2210"
2026-05-05,"DUTY FREE TERMINAL 2",-318.00,USD,"Horizon Rewards Card ****4417"
2026-05-05,"RAILLINK INTERCITY",-2.43,USD,"Everyday Checking ****2210"
2026-05-06,"TAKO STREET KITCHEN",-38.27,USD,"Everyday Checking ****2210"
2026-05-06,"METRO TRANSIT CARD",-2.58,USD,"Everyday Checking ****2210"
2026-05-07,"RAILLINK INTERCITY",-10.43,USD,"Everyday Checking ****2210"
2026-05-08,"NOODLE YARD",-22.73,USD,"Everyday Checking ****2210"
2026-05-09,"SWIFT CAB",-2.42,USD,"Everyday Checking ****2210"
2026-05-09,"VAULTBACK PRO ANNUALSAVE",-9.99,USD,"Horizon Rewards Card ****4417"
2026-05-09,"BLUE HERON COFFEE",-8.35,USD,"Everyday Checking ****2210"
2026-05-10,"BLUEHERON COFFEE #1147",-5.94,USD,"Everyday Checking ****2210"
2026-05-10,"BLUE HERON COFFEE",-6.09,USD,"Everyday Checking ****2210"
2026-05-10,"GREENFIELD MARKET",-46.94,USD,"Everyday Checking ****2210"
2026-05-11,"TUNEBOX PREMIUM",-10.99,USD,"Everyday Checking ****2210"
2026-05-11,"BLUE HERON COFFEE  1147",-8.87,USD,"Everyday Checking ****2210"
2026-05-11,"BLUE HERON COFFEE",-7.49,USD,"Everyday Checking ****2210"
2026-05-12,"GREENFIELD MKT #214",-128.36,USD,"Everyday Checking ****2210"
2026-05-12,"TAKO STREET KITCHEN",-33.47,USD,"Everyday Checking ****2210"
2026-05-12,"SWIFT CAB",-10.18,USD,"Everyday Checking ****2210"
2026-05-13,"RAILLINK INTERCITY",-4.02,USD,"Everyday Checking ****2210"
2026-05-13,"NOODLEYARD ONLINE",-28.23,USD,"Everyday Checking ****2210"
2026-05-14,"ELM STREET CLINIC",-77.75,USD,"Horizon Rewards Card ****4417"
2026-05-15,"GREENFIELD MKT #214",-112.21,USD,"Everyday Checking ****2210"
2026-05-15,"CITY POWER AND LIGHT",-100.31,USD,"Everyday Checking ****2210"
2026-05-16,"TELCONNECT MOBILE",-54.00,USD,"Everyday Checking ****2210"
2026-05-16,"METRO TRANSIT CARD",-7.24,USD,"Everyday Checking ****2210"
2026-05-16,"NOODLE YARD",-37.75,USD,"Everyday Checking ****2210"
2026-05-16,"BLUE HERON COFFEE",-4.72,USD,"Everyday Checking ****2210"
2026-05-16,"PIXEL AND PAPER",-91.86,USD,"Horizon Rewards Card ****4417"
2026-05-16,"NOODLEYARD ONLINE",-50.35,USD,"Horizon Rewards Card ****4417"
2026-05-16,"BLUEHERON COFFEE #1147",-8.44,USD,"Everyday Checking ****2210"
2026-05-17,"ROASTWORKS ESPRESSO",-4.94,USD,"Everyday Checking ****2210"
2026-05-17,"CLOUDNEST STORAGE 200GB",-2.99,USD,"Everyday Checking ****2210"
2026-05-17,"MORNING SPOON CAFE",-5.84,USD,"Everyday Checking ****2210"
2026-05-18,"URBANTHREAD",-45.11,USD,"Horizon Rewards Card ****4417"
2026-05-18,"METROCARD RELOAD",-6.58,USD,"Everyday Checking ****2210"
2026-05-19,"URBAN THREAD ONLINE",-49.20,USD,"Horizon Rewards Card ****4417"
2026-05-19,"GOODHEALTH PHARMACY",-69.49,USD,"Horizon Rewards Card ****4417"
2026-05-19,"MORNING SPOON CAFE",-4.30,USD,"Everyday Checking ****2210"
2026-05-19,"RAILLINK INTERCITY",-6.68,USD,"Everyday Checking ****2210"
2026-05-20,"BENTO BOX EXPRESS",-43.89,USD,"Everyday Checking ****2210"
2026-05-21,"PRIMEBOX MEMBERSHIP",-8.99,USD,"Everyday Checking ****2210"
2026-05-21,"DAILYGOODS DEPOT",-153.36,USD,"Horizon Rewards Card ****4417"
2026-05-21,"METROCARD RELOAD",-13.48,USD,"Everyday Checking ****2210"
2026-05-22,"METRO TRANSIT CARD",-15.77,USD,"Everyday Checking ****2210"
2026-05-22,"BLUE HERON COFFEE",-7.01,USD,"Everyday Checking ****2210"
2026-05-23,"METRO TRANSIT CARD",-13.84,USD,"Everyday Checking ****2210"
2026-05-23,"BLUE HERON COFFEE",-3.50,USD,"Everyday Checking ****2210"
2026-05-24,"PIZZA CANTINA",-38.93,USD,"Everyday Checking ****2210"
2026-05-24,"BLUEHERON COFFEE #1147",-4.25,USD,"Everyday Checking ****2210"
2026-05-24,"DEVFORGE COPILOT",-10.00,USD,"Everyday Checking ****2210"
2026-05-24,"MORNING SPOON CAFE",-5.80,USD,"Everyday Checking ****2210"
2026-05-25,"NOODLE YARD",-25.91,USD,"Everyday Checking ****2210"
2026-05-25,"GREENFIELD MKT #214",-99.53,USD,"Everyday Checking ****2210"
2026-05-25,"URBAN THREAD ONLINE",-205.42,USD,"Horizon Rewards Card ****4417"
2026-05-25,"MERIDIAN SOFTWARE LTD PAYROLL",4850.00,USD,"Everyday Checking ****2210"
2026-05-26,"BENTO BOX EXPRESS",-33.25,USD,"Everyday Checking ****2210"
2026-05-26,"BLUE HERON COFFEE",-4.37,USD,"Everyday Checking ****2210"
2026-05-26,"SWIFTCAB *TRIP",-7.88,USD,"Everyday Checking ****2210"
2026-05-27,"RAILLINK INTERCITY",-12.08,USD,"Everyday Checking ****2210"
2026-05-28,"SWIFT CAB",-7.62,USD,"Everyday Checking ****2210"
2026-05-29,"GREENFIELD MARKET",-129.12,USD,"Everyday Checking ****2210"
2026-05-29,"PIZZA CANTINA",-14.30,USD,"Everyday Checking ****2210"
2026-05-29,"RAILLINK INTERCITY",-6.61,USD,"Everyday Checking ****2210"
2026-05-30,"ROASTWORKS ESPRESSO",-5.30,USD,"Everyday Checking ****2210"
2026-05-30,"SILVER FORK BISTRO",-23.12,USD,"Everyday Checking ****2210"
2026-05-30,"Greenfield Market - Elm St",-74.64,USD,"Everyday Checking ****2210"
2026-05-30,"RAILLINK INTERCITY",-12.87,USD,"Everyday Checking ****2210"
2026-05-31,"BLUE HERON COFFEE  1147",-4.98,USD,"Everyday Checking ****2210"
2026-05-31,"SWIFTCAB *TRIP",-10.59,USD,"Everyday Checking ****2210"
2026-05-31,"NORTHGATE GROCERS",-66.48,USD,"Everyday Checking ****2210"
2026-06-01,"MORNING SPOON CAFE",-5.87,USD,"Everyday Checking ****2210"
2026-06-01,"METROCARD RELOAD",-13.29,USD,"Everyday Checking ****2210"
2026-06-01,"RENT TRANSFER - J MOORE",-1850.00,USD,"Everyday Checking ****2210"
2026-06-02,"ZENFLOW YOGA STUDIO",-129.00,USD,"Everyday Checking ****2210"
2026-06-02,"SWIFTCAB *TRIP",-11.40,USD,"Everyday Checking ****2210"
2026-06-03,"NORTHGATE GROCERS",-37.84,USD,"Everyday Checking ****2210"
2026-06-03,"BENTO BOX EXPRESS",-23.96,USD,"Everyday Checking ****2210"
2026-06-04,"STREAMLY.COM",-18.99,USD,"Everyday Checking ****2210"
2026-06-04,"BLUE HERON COFFEE  1147",-7.39,USD,"Everyday Checking ****2210"
2026-06-04,"PIXEL AND PAPER",-21.88,USD,"Horizon Rewards Card ****4417"
2026-06-05,"NOODLEYARD ONLINE",-29.04,USD,"Everyday Checking ****2210"
2026-06-05,"MORNING SPOON CAFE",-7.40,USD,"Everyday Checking ****2210"
2026-06-06,"SWIFT CAB",-14.56,USD,"Everyday Checking ****2210"
2026-06-06,"BLUE HERON COFFEE  1147",-5.61,USD,"Everyday Checking ****2210"
2026-06-06,"TAKO STREET KITCHEN",-22.81,USD,"Everyday Checking ****2210"
2026-06-06,"NORTHGATE GROCERS",-90.96,USD,"Everyday Checking ****2210"
2026-06-06,"BENTO BOX EXPRESS",-90.78,USD,"Horizon Rewards Card ****4417"
2026-06-07,"SWIFTCAB *TRIP",-15.77,USD,"Everyday Checking ****2210"
2026-06-07,"BLUE HERON COFFEE",-3.46,USD,"Everyday Checking ****2210"
2026-06-07,"ELM STREET CLINIC",-40.86,USD,"Horizon Rewards Card ****4417"
2026-06-08,"METRO TRANSIT CARD",-7.12,USD,"Everyday Checking ****2210"
2026-06-08,"TAKO STREET KITCHEN",-22.78,USD,"Everyday Checking ****2210"
2026-06-08,"BLUE HERON COFFEE  1147",-9.01,USD,"Everyday Checking ****2210"
2026-06-08,"ROASTWORKS ESPRESSO",-5.42,USD,"Everyday Checking ****2210"
2026-06-09,"VAULTBACK PRO ANNUALSAVE",-9.99,USD,"Horizon Rewards Card ****4417"
2026-06-09,"METROCARD RELOAD",-8.45,USD,"Everyday Checking ****2210"
2026-06-09,"NORDVELL HOME",-177.90,USD,"Horizon Rewards Card ****4417"
2026-06-09,"MORNING SPOON CAFE",-7.98,USD,"Everyday Checking ****2210"
2026-06-10,"METROCARD RELOAD",-13.39,USD,"Everyday Checking ****2210"
2026-06-10,"BLUEHERON COFFEE #1147",-6.89,USD,"Everyday Checking ****2210"
2026-06-10,"BLUE HERON COFFEE  1147",-6.87,USD,"Everyday Checking ****2210"
2026-06-11,"METROCARD RELOAD",-11.97,USD,"Everyday Checking ****2210"
2026-06-11,"BLUEHERON COFFEE #1147",-7.13,USD,"Everyday Checking ****2210"
2026-06-11,"TUNEBOX PREMIUM",-10.99,USD,"Everyday Checking ****2210"
2026-06-11,"ROASTWORKS ESPRESSO",-6.15,USD,"Everyday Checking ****2210"
2026-06-12,"MORNING SPOON CAFE",-5.31,USD,"Everyday Checking ****2210"
2026-06-12,"BENTO BOX EXPRESS",-15.08,USD,"Everyday Checking ****2210"
2026-06-12,"MORNING SPOON CAFE",-8.65,USD,"Everyday Checking ****2210"
2026-06-12,"Greenfield Market - Elm St",-41.72,USD,"Everyday Checking ****2210"
2026-06-13,"BLUE HERON COFFEE  1147",-7.20,USD,"Everyday Checking ****2210"
2026-06-13,"Greenfield Market - Elm St",-91.35,USD,"Everyday Checking ****2210"
2026-06-14,"BLUE HERON COFFEE",-4.32,USD,"Everyday Checking ****2210"
2026-06-14,"SWIFT CAB",-12.25,USD,"Everyday Checking ****2210"
2026-06-14,"BLUE HERON COFFEE",-4.30,USD,"Everyday Checking ****2210"
2026-06-15,"RAILLINK INTERCITY",-6.37,USD,"Everyday Checking ****2210"
2026-06-15,"CITY POWER AND LIGHT",-68.77,USD,"Everyday Checking ****2210"
2026-06-15,"ROASTWORKS ESPRESSO",-6.14,USD,"Everyday Checking ****2210"
2026-06-16,"RAILLINK INTERCITY",-15.74,USD,"Everyday Checking ****2210"
2026-06-16,"MORNING SPOON CAFE",-9.13,USD,"Everyday Checking ****2210"
2026-06-16,"PIZZA CANTINA",-32.96,USD,"Everyday Checking ****2210"
2026-06-16,"TELCONNECT MOBILE",-54.00,USD,"Everyday Checking ****2210"
2026-06-17,"BLUE HERON COFFEE  1147",-5.18,USD,"Everyday Checking ****2210"
2026-06-17,"CLOUDNEST STORAGE 200GB",-2.99,USD,"Everyday Checking ****2210"
2026-06-17,"TAKO STREET KITCHEN",-27.19,USD,"Everyday Checking ****2210"
2026-06-18,"ROASTWORKS ESPRESSO",-4.17,USD,"Everyday Checking ****2210"
2026-06-18,"METRO TRANSIT CARD",-3.59,USD,"Everyday Checking ****2210"
2026-06-18,"Greenfield Market - Elm St",-60.54,USD,"Everyday Checking ****2210"
2026-06-19,"NORDVELL HOME",-192.14,USD,"Horizon Rewards Card ****4417"
2026-06-19,"ROASTWORKS ESPRESSO",-9.16,USD,"Everyday Checking ****2210"
2026-06-20,"NOODLE YARD",-25.29,USD,"Everyday Checking ****2210"
2026-06-20,"NORDVELL HOME",-131.94,USD,"Horizon Rewards Card ****4417"
2026-06-21,"MORNING SPOON CAFE",-7.99,USD,"Everyday Checking ****2210"
2026-06-21,"PRIMEBOX MEMBERSHIP",-8.99,USD,"Everyday Checking ****2210"
2026-06-21,"RAILLINK INTERCITY",-9.51,USD,"Everyday Checking ****2210"
2026-06-21,"MORNING SPOON CAFE",-8.25,USD,"Everyday Checking ****2210"
2026-06-22,"TAKO STREET KITCHEN",-41.20,USD,"Everyday Checking ****2210"
2026-06-22,"METRO TRANSIT CARD",-10.91,USD,"Everyday Checking ****2210"
2026-06-23,"SWIFT CAB",-7.16,USD,"Everyday Checking ****2210"
2026-06-24,"DEVFORGE COPILOT",-10.00,USD,"Everyday Checking ****2210"
2026-06-24,"SWIFT CAB",-2.48,USD,"Everyday Checking ****2210"
2026-06-25,"MERIDIAN SOFTWARE LTD PAYROLL",4850.00,USD,"Everyday Checking ****2210"
2026-06-25,"METROCARD RELOAD",-14.47,USD,"Everyday Checking ****2210"
2026-06-25,"GREENFIELD MKT #214",-63.79,USD,"Everyday Checking ****2210"
2026-06-26,"METROCARD RELOAD",-3.83,USD,"Everyday Checking ****2210"
2026-06-26,"ROASTWORKS ESPRESSO",-3.61,USD,"Everyday Checking ****2210"
2026-06-26,"GREENFIELD MARKET",-102.95,USD,"Everyday Checking ****2210"
2026-06-26,"SILVER FORK BISTRO",-14.25,USD,"Everyday Checking ****2210"
2026-06-26,"MORNING SPOON CAFE",-8.29,USD,"Everyday Checking ****2210"
2026-06-27,"BLUEHERON COFFEE #1147",-8.92,USD,"Everyday Checking ****2210"
2026-06-27,"RAILLINK INTERCITY",-2.75,USD,"Everyday Checking ****2210"
2026-06-27,"GREENFIELD MARKET",-104.89,USD,"Everyday Checking ****2210"
2026-06-27,"NOODLEYARD ONLINE",-43.74,USD,"Everyday Checking ****2210"
2026-06-28,"RAILLINK INTERCITY",-15.49,USD,"Everyday Checking ****2210"
2026-06-28,"SILVER FORK BISTRO",-26.03,USD,"Everyday Checking ****2210"
2026-06-29,"SWIFT CAB",-8.06,USD,"Everyday Checking ****2210"
2026-06-29,"BLUE HERON COFFEE  1147",-8.97,USD,"Everyday Checking ****2210"
2026-06-29,"BENTO BOX EXPRESS",-13.18,USD,"Everyday Checking ****2210"
2026-06-30,"NOODLEYARD ONLINE",-42.78,USD,"Everyday Checking ****2210"
2026-06-30,"METRO TRANSIT CARD",-12.11,USD,"Everyday Checking ****2210"
2026-06-30,"BLUE HERON COFFEE  1147",-3.88,USD,"Everyday Checking ****2210"
2026-07-01,"RENT TRANSFER - J MOORE",-1850.00,USD,"Everyday Checking ****2210"
2026-07-01,"BENTO BOX EXPRESS",-16.85,USD,"Everyday Checking ****2210"
2026-07-01,"MORNING SPOON CAFE",-5.90,USD,"Everyday Checking ****2210"
2026-07-01,"METROCARD RELOAD",-16.46,USD,"Everyday Checking ****2210"
2026-07-01,"GREENFIELD MKT #214",-57.75,USD,"Everyday Checking ****2210"
2026-07-01,"ROASTWORKS ESPRESSO",-4.95,USD,"Everyday Checking ****2210"
2026-07-02,"TAKO STREET KITCHEN",-37.35,USD,"Everyday Checking ****2210"
2026-07-02,"ZENFLOW YOGA STUDIO",-129.00,USD,"Everyday Checking ****2210"
2026-07-02,"SWIFTCAB *TRIP",-12.31,USD,"Everyday Checking ****2210"
2026-07-03,"RAILLINK INTERCITY",-9.35,USD,"Everyday Checking ****2210"
2026-07-04,"STREAMLY.COM",-18.99,USD,"Everyday Checking ****2210"
2026-07-04,"NOODLEYARD ONLINE",-26.17,USD,"Everyday Checking ****2210"
2026-07-05,"MORNING SPOON CAFE",-6.28,USD,"Everyday Checking ****2210"
2026-07-05,"METROCARD RELOAD",-5.92,USD,"Everyday Checking ****2210"
2026-07-05,"MORNING SPOON CAFE",-7.44,USD,"Everyday Checking ****2210"
2026-07-06,"SWIFT CAB",-2.55,USD,"Everyday Checking ****2210"
2026-07-07,"BLUEHERON COFFEE #1147",-7.00,USD,"Everyday Checking ****2210"
2026-07-07,"PANTRY EXPRESS",-112.75,USD,"Everyday Checking ****2210"
2026-07-07,"SWIFT CAB",-12.20,USD,"Everyday Checking ****2210"
2026-07-07,"NOODLEYARD ONLINE",-45.61,USD,"Everyday Checking ****2210"
2026-07-07,"BLUE HERON COFFEE  1147",-4.59,USD,"Everyday Checking ****2210"
2026-07-08,"NOODLEYARD ONLINE",-31.62,USD,"Everyday Checking ****2210"
2026-07-08,"BLUEHERON COFFEE #1147",-5.79,USD,"Everyday Checking ****2210"
2026-07-08,"BLUE HERON COFFEE  1147",-7.83,USD,"Everyday Checking ****2210"
2026-07-09,"Greenfield Market - Elm St",-54.20,USD,"Everyday Checking ****2210"
2026-07-09,"BLUE HERON COFFEE  1147",-7.19,USD,"Everyday Checking ****2210"
2026-07-09,"NOODLEYARD ONLINE",-40.12,USD,"Everyday Checking ****2210"
2026-07-09,"VAULTBACK PRO ANNUALSAVE",-9.99,USD,"Horizon Rewards Card ****4417"
2026-07-10,"DAILYGOODS DEPOT",-165.03,USD,"Horizon Rewards Card ****4417"
2026-07-10,"BLUEHERON COFFEE #1147",-5.40,USD,"Everyday Checking ****2210"
2026-07-10,"METRO TRANSIT CARD",-5.60,USD,"Everyday Checking ****2210"
2026-07-11,"NOODLEYARD ONLINE",-28.84,USD,"Everyday Checking ****2210"
2026-07-11,"TUNEBOX PREMIUM",-10.99,USD,"Everyday Checking ****2210"
2026-07-11,"ROASTWORKS ESPRESSO",-7.35,USD,"Everyday Checking ****2210"
2026-07-11,"RAILLINK INTERCITY",-8.47,USD,"Everyday Checking ****2210"
2026-07-12,"SWIFT CAB",-5.11,USD,"Everyday Checking ****2210"
2026-07-12,"BLUEHERON COFFEE #1147",-6.05,USD,"Everyday Checking ****2210"
2026-07-13,"BENTO BOX EXPRESS",-41.85,USD,"Everyday Checking ****2210"
2026-07-13,"METRO TRANSIT CARD",-5.42,USD,"Everyday Checking ****2210"
2026-07-14,"SWIFT CAB",-9.77,USD,"Everyday Checking ****2210"
2026-07-14,"URBAN THREAD ONLINE",-78.11,USD,"Horizon Rewards Card ****4417"
2026-07-15,"BLUE HERON COFFEE  1147",-8.39,USD,"Everyday Checking ****2210"
2026-07-15,"NORTHERN GAS UTILITY",-104.09,USD,"Everyday Checking ****2210"
2026-07-15,"METRO TRANSIT CARD",-8.85,USD,"Everyday Checking ****2210"
2026-07-15,"BLUEHERON COFFEE #1147",-8.42,USD,"Everyday Checking ****2210"
2026-07-16,"TELCONNECT MOBILE",-54.00,USD,"Everyday Checking ****2210"
2026-07-16,"METRO TRANSIT CARD",-8.04,USD,"Everyday Checking ****2210"
2026-07-16,"DAILYGOODS DEPOT",-177.96,USD,"Horizon Rewards Card ****4417"
2026-07-16,"PANTRY EXPRESS",-70.89,USD,"Everyday Checking ****2210"
2026-07-17,"CLOUDNEST STORAGE 200GB",-2.99,USD,"Everyday Checking ****2210"
2026-07-17,"METRO TRANSIT CARD",-3.35,USD,"Everyday Checking ****2210"
2026-07-18,"NOODLE YARD",-40.79,USD,"Everyday Checking ****2210"
2026-07-18,"MORNING SPOON CAFE",-5.93,USD,"Everyday Checking ****2210"
2026-07-18,"PIZZA CANTINA",-56.94,USD,"Horizon Rewards Card ****4417"
2026-07-18,"MORNING SPOON CAFE",-8.07,USD,"Everyday Checking ****2210"
2026-07-18,"METRO TRANSIT CARD",-9.03,USD,"Everyday Checking ****2210"
2026-07-19,"NOODLE YARD",-38.59,USD,"Everyday Checking ****2210"
2026-07-19,"METRO TRANSIT CARD",-7.78,USD,"Everyday Checking ****2210"
2026-07-20,"NOODLE YARD",-40.07,USD,"Everyday Checking ****2210"
2026-07-20,"Greenfield Market - Elm St",-129.66,USD,"Everyday Checking ****2210"
2026-07-20,"METROCARD RELOAD",-2.59,USD,"Everyday Checking ****2210"
2026-07-21,"NORDVELL HOME",-178.00,USD,"Horizon Rewards Card ****4417"
2026-07-21,"BLUE HERON COFFEE  1147",-4.70,USD,"Everyday Checking ****2210"
2026-07-21,"PRIMEBOX MEMBERSHIP",-8.99,USD,"Everyday Checking ****2210"
2026-07-21,"BENTO BOX EXPRESS",-44.79,USD,"Everyday Checking ****2210"
2026-07-21,"RAILLINK INTERCITY",-16.36,USD,"Everyday Checking ****2210"
2026-07-22,"SWIFTCAB *TRIP",-5.08,USD,"Everyday Checking ****2210"
2026-07-22,"NORDVELL HOME",-19.75,USD,"Horizon Rewards Card ****4417"
2026-07-23,"RAILLINK INTERCITY",-10.45,USD,"Everyday Checking ****2210"
2026-07-23,"NOODLEYARD ONLINE",-20.64,USD,"Everyday Checking ****2210"
2026-07-24,"METRO TRANSIT CARD",-15.18,USD,"Everyday Checking ****2210"
2026-07-24,"BENTO BOX EXPRESS",-44.32,USD,"Everyday Checking ****2210"
2026-07-24,"DEVFORGE COPILOT",-10.00,USD,"Everyday Checking ****2210"
2026-07-25,"NOODLEYARD ONLINE",-35.76,USD,"Everyday Checking ****2210"
2026-07-25,"PIXEL AND PAPER",-81.48,USD,"Horizon Rewards Card ****4417"
2026-07-25,"MERIDIAN SOFTWARE LTD PAYROLL",4850.00,USD,"Everyday Checking ****2210"
2026-07-25,"ROASTWORKS ESPRESSO",-6.98,USD,"Everyday Checking ****2210"
2026-07-26,"GREENFIELD MKT #214",-82.63,USD,"Everyday Checking ****2210"
2026-07-26,"BLUE HERON COFFEE  1147",-6.43,USD,"Everyday Checking ****2210"
2026-07-26,"BLUE HERON COFFEE  1147",-7.15,USD,"Everyday Checking ****2210"
2026-07-27,"BLUE HERON COFFEE  1147",-7.94,USD,"Everyday Checking ****2210"
2026-07-27,"ROASTWORKS ESPRESSO",-4.35,USD,"Everyday Checking ****2210"
2026-07-27,"METROCARD RELOAD",-4.76,USD,"Everyday Checking ****2210"
2026-07-28,"METRO TRANSIT CARD",-11.27,USD,"Everyday Checking ****2210"
2026-07-29,"MORNING SPOON CAFE",-4.04,USD,"Everyday Checking ****2210"
2026-07-29,"Greenfield Market - Elm St",-123.28,USD,"Everyday Checking ****2210"
2026-07-29,"URBANTHREAD",-90.72,USD,"Horizon Rewards Card ****4417"
2026-07-29,"METROCARD RELOAD",-13.58,USD,"Everyday Checking ****2210"
2026-07-30,"GOODHEALTH PHARMACY",-15.11,USD,"Horizon Rewards Card ****4417"
2026-07-30,"SWIFTCAB *TRIP",-8.39,USD,"Everyday Checking ****2210"
2026-07-31,"METRO TRANSIT CARD",-6.30,USD,"Everyday Checking ****2210"
2026-07-31,"NOODLE YARD",-25.52,USD,"Everyday Checking ****2210"
2026-07-31,"PANTRY EXPRESS",-101.43,USD,"Everyday Checking ****2210"
2026-08-01,"SWIFTCAB *TRIP",-7.68,USD,"Everyday Checking ****2210"
2026-08-01,"PANTRY EXPRESS",-103.27,USD,"Everyday Checking ****2210"
2026-08-01,"RENT TRANSFER - J MOORE",-1850.00,USD,"Everyday Checking ****2210"
2026-08-01,"IRONWORKS GYM",-29.78,USD,"Horizon Rewards Card ****4417"
2026-08-01,"BLUE HERON COFFEE",-7.59,USD,"Everyday Checking ****2210"
2026-08-02,"METROCARD RELOAD",-9.55,USD,"Everyday Checking ****2210"
2026-08-02,"ZENFLOW YOGA STUDIO",-129.00,USD,"Everyday Checking ****2210"
2026-08-02,"PANTRY EXPRESS",-128.30,USD,"Everyday Checking ****2210"
2026-08-02,"TAKO STREET KITCHEN",-22.06,USD,"Everyday Checking ****2210"
2026-08-04,"BLUEHERON COFFEE #1147",-9.02,USD,"Everyday Checking ****2210"
2026-08-04,"STREAMLY.COM",-18.99,USD,"Everyday Checking ****2210"
2026-08-04,"Greenfield Market - Elm St",-63.99,USD,"Everyday Checking ****2210"
2026-08-04,"METROCARD RELOAD",-4.60,USD,"Everyday Checking ****2210"
2026-08-05,"SWIFT CAB",-7.56,USD,"Everyday Checking ****2210"
2026-08-06,"NOODLEYARD ONLINE",-14.74,USD,"Everyday Checking ****2210"
2026-08-06,"BLUE HERON COFFEE  1147",-4.40,USD,"Everyday Checking ****2210"
2026-08-07,"METROCARD RELOAD",-7.11,USD,"Everyday Checking ****2210"
2026-08-08,"ROASTWORKS ESPRESSO",-9.19,USD,"Everyday Checking ****2210"
2026-08-08,"BLUEHERON COFFEE #1147",-7.01,USD,"Everyday Checking ****2210"
2026-08-08,"NOODLEYARD ONLINE",-26.78,USD,"Everyday Checking ****2210"
2026-08-09,"SILVER FORK BISTRO",-40.66,USD,"Everyday Checking ****2210"
2026-08-09,"ROASTWORKS ESPRESSO",-6.54,USD,"Everyday Checking ****2210"
2026-08-09,"VAULTBACK PRO ANNUALSAVE",-9.99,USD,"Horizon Rewards Card ****4417"
2026-08-10,"BLUE HERON COFFEE",-5.17,USD,"Everyday Checking ****2210"
2026-08-10,"METRO TRANSIT CARD",-12.81,USD,"Everyday Checking ****2210"
2026-08-10,"ROASTWORKS ESPRESSO",-8.73,USD,"Everyday Checking ****2210"
2026-08-11,"PIXEL AND PAPER",-92.50,USD,"Horizon Rewards Card ****4417"
2026-08-11,"TUNEBOX PREMIUM",-10.99,USD,"Everyday Checking ****2210"
2026-08-12,"SWIFT CAB",-11.47,USD,"Everyday Checking ****2210"
2026-08-12,"BLUE HERON COFFEE",-6.38,USD,"Everyday Checking ****2210"
2026-08-12,"PIZZA CANTINA",-34.35,USD,"Everyday Checking ****2210"
2026-08-13,"BLUE HERON COFFEE  1147",-6.71,USD,"Everyday Checking ****2210"
2026-08-13,"BLUE HERON COFFEE",-5.76,USD,"Everyday Checking ****2210"
2026-08-14,"NORTHGATE GROCERS",-78.09,USD,"Everyday Checking ****2210"
2026-08-14,"BENTO BOX EXPRESS",-21.37,USD,"Everyday Checking ****2210"
2026-08-14,"MORNING SPOON CAFE",-5.25,USD,"Everyday Checking ****2210"
2026-08-15,"MORNING SPOON CAFE",-4.18,USD,"Everyday Checking ****2210"
2026-08-15,"AQUAWORKS WATER BOARD",-141.28,USD,"Everyday Checking ****2210"
2026-08-15,"ELM STREET CLINIC",-73.59,USD,"Horizon Rewards Card ****4417"
2026-08-15,"SWIFT CAB",-7.52,USD,"Everyday Checking ****2210"
2026-08-16,"Greenfield Market - Elm St",-77.52,USD,"Everyday Checking ****2210"
2026-08-16,"SILVER FORK BISTRO",-20.93,USD,"Everyday Checking ****2210"
2026-08-16,"BLUEHERON COFFEE #1147",-5.30,USD,"Everyday Checking ****2210"
2026-08-16,"SWIFTCAB *TRIP",-13.08,USD,"Everyday Checking ****2210"
2026-08-16,"TELCONNECT MOBILE",-54.00,USD,"Everyday Checking ****2210"
2026-08-17,"GREENFIELD MKT #214",-23.34,USD,"Everyday Checking ****2210"
2026-08-17,"MORNING SPOON CAFE",-8.85,USD,"Everyday Checking ****2210"
2026-08-17,"CLOUDNEST STORAGE 200GB",-2.99,USD,"Everyday Checking ****2210"
2026-08-17,"NOODLEYARD ONLINE",-45.65,USD,"Everyday Checking ****2210"
2026-08-17,"SWIFT CAB",-4.50,USD,"Everyday Checking ****2210"
2026-08-18,"ROASTWORKS ESPRESSO",-6.94,USD,"Everyday Checking ****2210"
2026-08-19,"SWIFT CAB",-14.68,USD,"Everyday Checking ****2210"
2026-08-19,"BLUE HERON COFFEE  1147",-5.92,USD,"Everyday Checking ****2210"
2026-08-20,"BLUEHERON COFFEE #1147",-4.38,USD,"Everyday Checking ****2210"
2026-08-20,"BENTO BOX EXPRESS",-42.92,USD,"Everyday Checking ****2210"
2026-08-20,"BLUEHERON COFFEE #1147",-4.90,USD,"Everyday Checking ****2210"
2026-08-21,"PRIMEBOX MEMBERSHIP",-8.99,USD,"Everyday Checking ****2210"
2026-08-21,"ROASTWORKS ESPRESSO",-5.49,USD,"Everyday Checking ****2210"
2026-08-21,"GREENFIELD MARKET",-86.26,USD,"Everyday Checking ****2210"
2026-08-21,"METRO TRANSIT CARD",-7.37,USD,"Everyday Checking ****2210"
2026-08-21,"BLUEHERON COFFEE #1147",-7.84,USD,"Everyday Checking ****2210"
2026-08-22,"ROASTWORKS ESPRESSO",-5.80,USD,"Everyday Checking ****2210"
2026-08-22,"METRO TRANSIT CARD",-12.66,USD,"Everyday Checking ****2210"
2026-08-22,"SILVER FORK BISTRO",-28.20,USD,"Everyday Checking ****2210"
2026-08-23,"RAILLINK INTERCITY",-4.29,USD,"Everyday Checking ****2210"
2026-08-24,"DEVFORGE COPILOT",-10.00,USD,"Everyday Checking ****2210"
2026-08-24,"SWIFT CAB",-14.71,USD,"Everyday Checking ****2210"
2026-08-25,"PIZZA CANTINA",-47.07,USD,"Everyday Checking ****2210"
2026-08-25,"MERIDIAN SOFTWARE LTD PAYROLL",4850.00,USD,"Everyday Checking ****2210"
2026-08-25,"METROCARD RELOAD",-13.26,USD,"Everyday Checking ****2210"
2026-08-26,"METRO TRANSIT CARD",-15.92,USD,"Everyday Checking ****2210"
2026-08-27,"MORNING SPOON CAFE",-7.65,USD,"Everyday Checking ****2210"
2026-08-27,"SWIFT CAB",-4.49,USD,"Everyday Checking ****2210"
2026-08-27,"BLUEHERON COFFEE #1147",-8.92,USD,"Everyday Checking ****2210"
2026-08-28,"MORNING SPOON CAFE",-6.59,USD,"Everyday Checking ****2210"
2026-08-28,"RAILLINK INTERCITY",-6.39,USD,"Everyday Checking ****2210"
2026-08-29,"ELM STREET CLINIC",-35.78,USD,"Horizon Rewards Card ****4417"
2026-08-29,"MORNING SPOON CAFE",-8.66,USD,"Everyday Checking ****2210"
2026-08-29,"ROASTWORKS ESPRESSO",-7.36,USD,"Everyday Checking ****2210"
2026-08-30,"BLUE HERON COFFEE",-8.38,USD,"Everyday Checking ****2210"
2026-08-30,"GREENFIELD MARKET",-34.31,USD,"Everyday Checking ****2210"
2026-08-30,"METRO TRANSIT CARD",-11.07,USD,"Everyday Checking ****2210"
2026-08-30,"MORNING SPOON CAFE",-4.16,USD,"Everyday Checking ****2210"
2026-08-31,"PIXEL AND PAPER",-207.72,USD,"Horizon Rewards Card ****4417"
2026-08-31,"ROASTWORKS ESPRESSO",-8.09,USD,"Everyday Checking ****2210"
2026-08-31,"METRO TRANSIT CARD",-7.90,USD,"Everyday Checking ****2210"
2026-08-31,"PIZZA CANTINA",-45.33,USD,"Everyday Checking ****2210"
